plastic,organism,reference,doi,pmid,proteins names,aa_seq,uniprot_ids,genbank_ids,pdb_ids,refseq_ids,mgnify_ids,other_ids
PHB,Acidovorax sp. TP4,Kobayashi et al. 1999,https://doi.org/10.1023/A:1021885901119,,PHB depolymerase,MAFNFIRAAAAGAAIALCGVASVHAAVNLPALKIDKTQTTVSGLSSGGFMAVQLHVAYSATFAKGVGVVAGGPFYCAEGSVVNATGRCMASPTGIPTSTLVNTTNTWAGQGVIDPVANLQNSKVYLFSGTLDSVVKTGVMDALRTYYNSFVPAANVVYKKDIASEHAMVTDDYGNGCSTKGAPYISDCNFDLAGAMLQHLYGTLNARNNATLPSGNFIEFNQSEFISNHGMATTGWAYVPQACQAGGTATCKLHVVLHGCKQNVNDVQQQYVRNTGYNRWADSNNIVMLYPQTSLAATNSCWDWWGYDSANYSKKSGPQMAAIKAMVDRVGSGGTTNPPVDLPAPTGVKPSGATASSMAIGWNAVSGGPSYNVYRNGNKTNALPVTATNFTDTGLAASTTYSWTVRAADGNGAEGAVSAAASGTTLAASGGGTGTCTTASNYAHTMAGRAYVYGGYTFALGSNQSMGLWNIFVNKTLKQTSPNYYVIGTCP,,,,,,Q9ZNH8
PHB,Delftia acidovorans,Kasuya et al. 1997,,9406404.0,PHB depolymerase,MAFNFIRAAAAGAAMALCGVGSVHAAVNLPALKIDKTQTTVSGLSSGGFMAVQLHVAYSATFAKGAGVVAGGPFYCAEGSIVNATGRCMASPAGIPTSTLVSTTNTWASQGVIDPVANLQNSKVYLFSGTLDSVVKTGVMDALRTYYNSFVPAANVVYKKDIAAEHAMVTDDYGNACSTKGAPYISDCNFDLAGAMLQHLYGTLNARNNATLPTGNYIEFNQSEFITNHGMATTGWAYVPQACQAGGTATCKLHVVLHGCKQNIGDVQQQYVRNTGYNRWADTNNIVMLYPQTSTAATNSCWDWWGYDSANYSKKSGPQMAAIKAMVDRVSSGTGGTTPPDPVALPAPTGVSTSGATASSMAIGWAAVMGAASYNVYRNANKVNALPVTATSYTDTGLAASTTYSWTVRAADANGAEGATSAAASGTTLAASGGGTATCTTASNYAHTLAGRAYAAGGYTYALGSNQNMGLWNVFVTNTLKQTSTNYYVIGTCP,,O05527,,,,
PU,Delftia acidovorans, Nomura et al. 1998,https://doi.org/10.1016/S0922-338X(99)89001-1,,Carboxylic ester hydrolase,MNSRSLTKAIRFPTILALAGFSVLGACGGSDNDSSSNNQGAPAVAITVAGQVQAVDRLGMRRYFGIPFAAPPVGNLRWMPPAPPQSWAAPLAKTQSNAPCMQTGATDPLRLPNGTEDCLYLDVHAPATGEGPFPVMVWIHGGAFSIGGTITYADPSPLVSKGVIVVNIAYRMGAMGFLGHPSLRAADGTVGNYGIMDQQAALRWVQDNIAAFGGDKSNVTIFGESAGGFSVMTHLASPLSKGLFAKAIVQSGGYGFDRQLTQAQLEAQSTSIVNSALAAAGVSCPTVDAACLRGLSAELVNNQLATAFTTANWSPVPSVDGKVLPKSIKATFVAGENNKVPLVNGSNQDEWSYFVASRELVAGPLTAAQYPSYLQTSLGLPPSLATVYPLTDYGTNTAQQPSLAATAAGTDMHFSCPALNLSKRVLSQATPIFMYEFRDRTAIPSIGRNTISFNQGAGHTYELQYLFNLRDLETAEHRDLQASMARYWTNFARTSNPNNGDPVATSWPAFTGPTKVLGLDVASAGGIRELATFETDHKCNTAWTSLTF,,,,,,Q9WX47
PLA,Paenibacillus amylolyticus,Akutsu-Shigeno et al. 2003,https://doi.org/10.1128/aem.69.5.2498-2504.2003,12732514.0,PLA depolymerase,MRKLKLLLMVCMSMVFIFTLPGMGQSLKASAATERTPIVFVHGLTGSDSNFALIERYLRGEGWSSDELFAIDLPSKAGNQLLNSAAISRFVDDVLRQTGHSKVHIVAHSMGGANSLYYILNRGGIDKVDKLITLGGANRLTTSRAPDGIRVTSIYSTSDTIVSPALSRLDGANNISVNLVTHIGLLYNSRVNALIKAALIE,,,,,,Q83VD0
TP,Comamonas testosteroni YZW-D,Wang et al. 1995,https://doi.org/10.1289/ehp.95103s49,8565920.0,"1,2-dihydroxy-3,5-cyclohexadiene-1,4-dicarboxylate dehydrogenase",MTIVHRRLALAIGDPHGIGPEIALKALQQLSATERSLIKVYGPWSALEQAAQICQMESLLQDLIHEEAGSLAQPAQWGEITPQAGLSTVQSATAAIRACENGEVDAVIACPHHETAIHRAGIAFSGYPSLLANVLGMNEDEVFLMLVGAGLRIVHVTLHESVRSALERLSPQLVVDAVDAAVQTCTLLGVPKPQVAVFGINPHASEGQLFGLEDSQITAPAVETLRKCGLAVDGPMGADMVLAQRKHDLYVAMLHDQGHIPIKLLAPNGASALSIGGRVVLSSVGHGSAMDIAGRGVADSTALLRTIALLGAQPG,,,,,,Q5D0X4
TP,Comamonas sp. E6,Sasoh et al. 2006,https://doi.org/10.1128/aem.72.3.1825-1832.2006,16517628.0,"Terephthalate 1,2-dioxygenase, terminal oxygenase component subunit alpha 1",MQESIIQWHGATNTRVPFGIYTDTANADQEQQRIYRGEVWNYLCLESEIPGAGDFRTTFAGETPIVVVRDADQEIYAFENRCAHRGALIALEKSGRTDSFQCVYHAWSYNRQGDLTGVAFEKGVKGQGGMPASFCKEEHGPRKLRVAVFCGLVFGSFSEDVPSIEDYLGPEICERIERVLHKPVEVIGRFTQKLPNNWKLYFENVKDSYHASLLHMFFTTFELNRLSQKGGVIVDESGGHHVSYSMIDRSAKDDSYKDQAIRSDNERYRLKDPSLLEGFEEFEDGVTLQILSVFPGFVLQQIQNSIAVRQLLPKSISSSELNWTYLGYADDSTEQRKVRLKQANLIGPAGFISMEDGAVGGFVQRGIAGAANLDAVIEMGGDHEGSSEGRATETSVRGFWKAYRKHMGQEMQA,,,,,,Q3C1E3
TP,Comamonas sp. E6,Sasoh et al. 2006,https://doi.org/10.1128/aem.72.3.1825-1832.2006,16517628.0,"Terephthalate 1,2-dioxygenase, reductase component 1",MNHQIHIHDSDIAFPCAPGQSVLDAALQAGIELPYSCRKGSCGNCASALLDGNITSFNGMAVRSELCTSEQVLLCGCTAASDIRIQPSSFRRLDPEARKRFTAKVYSNTLAAPDVSLLRLRLPVGKRAKFEAGQYLLIHLDDGESRSYSMANPPHESDGITLHVRHVPGGRFSTIVQQLKSGDTLEIELPFGSIALKPDDTRPLICVAGGTGFAPIKSVLDDLAKRKVQRDITLIWGARNPSGLYLPSAIDKWRKTWPQFRYIAAITDLGNVPADAHAGRVDDALRTHFGNLHDHVVHCCGSPSLVQSVRTAASDMGLLAQNFHADVFATSPTGSH,,,,,,Q3C1E0
TP,Comamonas sp. E6,Sasoh et al. 2006,https://doi.org/10.1128/aem.72.3.1825-1832.2006,16517628.0,"Terephthalate 1,2-dioxygenase, terminal oxygenase component subunit beta 1",MINEIQIAAFNAAYAKTVDSDAMEQWPTFFTKDCHYRVTNVDNHAEGLAAGIVWADSQDMLTDRISALREANIYERHRYRHILGLPSIQSGDATQASASTPFMVLRIMHTGETEVFASGEYLDKFTTIDGKLRLQERIAVCDSTVTDTLMALPL,,,,,,Q3C1E2
TP,Comamonas sp. E6,Sasoh et al. 2006,https://doi.org/10.1128/aem.72.3.1825-1832.2006,16517628.0,"1,2-dihydroxy-3,5-cyclohexadiene-1,4-dicarboxylate dehydrogenase",MTIVHRRLALAIGDPHGIGPEIALKALRQLSANERSLIKVYGPWSALEQAAQICQMESLLQDLIHEEAGSLAQPAQWGEITPQAGLSTVQSATAAIRACENGEVDAVIACPHHETAIHRAGIAFSGYPSLLANVLGMNEDQVFLMLVGAGLRIVHVTLHESVRSALERLSPQLVVNAVQAAVQTCTLLGVPKPQVAVFGINPHASEGQLFGLEDSQITAPAVETLRKCGLAVDGPMGADMVLAQRKHDLYVAMLHDQGHIPIKLLAPNGASALSIGGRVVLSSVGHGSAMDIAGRGVADSTALLRTIALLGAQPG,,,,,,Q3C1E1
TP,Comamonas sp. E6,Sasoh et al. 2006,https://doi.org/10.1128/aem.72.3.1825-1832.2006,16517628.0,"Terephthalate 1,2-dioxygenase, reductase component 2",MNHQIHIHDSDIAFPCAPGQSVLDAALQAGIELPYSCRKGSCGNCASTLLDGNIASFNGMAVRNELCASEQVLLCGCTAASDIRIHPSSFRRLDPEARKRFTAKVYSNTLAAPDVSLLRLRLPVGKRAKFEAGQYLLIHLDDGESRSYSMANPPHESDGITLHVRHVPGGRFSTIVQQLKSGDTLDIELPFGSIALKPDDARPLICVAGGTGFAPIKSVLDDLAKRKVQRDITLIWGARNPSGLYLPSAIDKWRKVWPQFRYIAAITDLGDMPADAHAGRVDDALRTHFGNLHDHVVHCCGSPALVQSVRTAASDMGLLAQDFHADVFATGPTGHH,,,,,,Q3C1D2
TP,Comamonas sp. E6,Sasoh et al. 2006,https://doi.org/10.1128/aem.72.3.1825-1832.2006,16517628.0,"Terephthalate 1,2-dioxygenase, terminal oxygenase component subunit beta 2",MINEIQIAAFNAAYAKTIDSDAMEQWPTFFTKDCHYCVTNVDNHDEGLAAGIVWADSQDMLTDRISALREANIYERHRYRHILGLPSIQSGDATQASASTPFMVLRIMHTGETEVFASGEYLDKFTTIDGKLRLQERIAVCDSTVTDTLMALPL,,,,,,Q3C1D4
TP,Comamonas sp. E6,Sasoh et al. 2006,https://doi.org/10.1128/aem.72.3.1825-1832.2006,16517628.0,"Terephthalate 1,2-dioxygenase, terminal oxygenase component subunit alpha 2",MQESIIQWHGATNTRVPFGIYTDTANADQEQQRIYRGEVWNYLCLESEIPGAGDFRTTFAGETPIVVVRDADQEIYAFENRCAHRGALIALEKSGRTDSFQCVYHAWSYNRQGDLTGVAFEKGVKGQGGMPASFCKEEHGPRKLRVAVFCGLVFGSFSEDVPSIEDYLGPEICERIERVLHKPVEVIGRFTQKLPNNWKLYFENVKDSYHASLLHMFFTTFELNRLSQKGGVIVDESGGHHVSYSMIDRGAKDDSYKDQAIRSDNERYRLKDPSLLEGFEEFEDGVTLQILSVFPGFVLQQIQNSIAVRQLLPKSISSSELNWTYLGYADDSAEQRKVRLKQANLIGPAGFISMEDGAVGGFVQRGIAGAANLDAVIEMGGDHEGSSEGRATETSVRGFWKAYRKHMGQEMQA,,,,,,Q3C1D5
DBP,Bacillus sp. K91,Ding et al. 2015,https://doi.org/10.1371/journal.pone.0119216,25746227.0,Carboxylic ester hydrolase,MTHQIVTTQYGKVKGTTENGVHKWKGIPYAKPPVGQWRFKAPEPPEVWEDVLDATAYGPVCPQPSDLLSLSYTELPRQSEDCLFVNVFAPDTPSQNLPVMVWIHGGAFYLGAGSEPLYDGSKLAAQGEVIVVTLNYRLGPFGFLHLSSFDEAYSDNLGLLDQVAALKWVRENISAFGGDPDNVTVFGESAGGMSIAALLAMPAAKGLFQKAIMESGASRTMTKEQAASTSAAFLQVLGINEGQLDKLHTVSAEDLLKAADQLRIAEKENIFQLFFQPALDPKTLPAEPEKAIAEGAASGIPLLIGTTRDEGYLFFTPDSDVHSQETLDAALEYLLGKPLAEKAADLYPRSLESQIHMMTDLLFWRPAVAYASAHSHYAPVWMYRFDWHPEKPPYNKAFHALELPFVFGNLDGLERMAKAEVTDEVKQLSHSIQSAWITFAKTGNPSTEAVNWPAYHEETRETLILDSEITIENDPESEKRQKLFPSKGE,A0A0D3MTJ6,,,,,
DBP,Rhodococcus sp. JDC-11,Jin et al. 2010,https://doi.org/10.4014/jmb.1004.04034,21030830.0,Phthalate dioxygenase large subunit,MCLHRGMQVCRAEMGNASHFRCPYHGWSYRNDGRLVGLPFHKEAYGGEEGFKKKGQTLLPAPSLATYNGLIFISMDPDAEPLEEFLGDFKFYLDYYTKQSADGIELRGPQRWRVKANWKIGAENFAGDMYHTPQTHTSVVEIGLFREPKAEKRKDGTTYWAGNGGGTTYKLPEGGLEERLRYVGYPDEMIARMKEQWTQEQLDVVGKDGFMISAASLFPNMSFVHNWPRVEEGSDEVLPFISIRVWQPISENETEVLSWFAVDKNAPEEYKALSYKAYLMCFGSGGMFEQDDVENW,B8YFX2,,,,,
PBS,Acidovorax delafieldii BS-3,Uchida et al. 2002,https://doi.org/10.1016/S1389-1723(02)80022-6,,PBS(A) depolymerase,MHLPRSRWDIPFKEETTMTHHFSVRALLAAGALLASAAVSAQTNPYERGPAPTTSSLEASRGPFSYQSFTVSRPSGYRAGTVYYPTNAGGPVGAIAIVPGFTARQSSINWWGPRLASHGFVVITIDTNSTLDQPDSRSRQQMAALSQVATLSRTSSSPIYNKVDTSRLGVMGWSMGGGGSLISARNNPSIKAAAPQAPWSASKNFSSLTVPTLIIACENDTIAPVNQHADTFYDSMSRNPREFLEINNGSHSCANSGNSNQALLGKKGVAWMKRFMDNDRRYTSFACSNPNSYNVSDFRVAACN,,,,,,Q8RR62
PET,Thermobifida fusca KW3,Acero et al. 2011,https://doi.org/10.1021/ma200949p,,Cutinase,MANPYERGPNPTDALLEARSGPFSVSEENVSRLSASGFGGGTIYYPRENNTYGAVAISPGYTGTEASIAWLGERIASHGFVVITIDTITTLDQPDSRAEQLNAALNHMINRASSTVRSRIDSSRLAVMGHSMGGGGSLRLASQRPDLKAAIPLTPWHLNKNWSSVRVPTLIIGADLDTIAPVLTHARPFYNSLPTSISKAYLELDGATHFAPNIPNKIIGKYSVAWLKRFVDNDTRYTQFLCPGPRDGLFGEVEEYRSTCPF,E9LVI0,,,,,
PET,Thermobifida alba,Hu et al. 2010,https://doi.org/10.1007/s00253-010-2555-x,20393707.0,Esterase,MSVTTPRRETSLLSRALRATAAAATAVVATVALAAPAQAANPYERGPNPTESMLEARSGPFSVSEERASRFGADGFGGGTIYYPRENNTYGAIAISPGYTGTQSSIAWLGERIASHGFVVIAIDTNTTLDQPDSRARQLNAALDYMLTDASSAVRNRIDASRLAVMGHSMGGGGTLRLASQRPDLKAAIPLTPWHLNKSWRDITVPTLIIGAEYDTIASVTLHSKPFYNSIPSPTDKAYLELDGASHFAPNITNKTIGMYSVAWLKRFVDEDTRYTQFLCPGPRTGLLSDVEEYRSTCPF,F7IX06,,,,,
PET,Thermobifida alba,Hu et al. 2010,https://doi.org/10.1007/s00253-010-2555-x,20393707.0,Esterase,MSVTTPRREASLLSRAVAVAAAAAATVALAAPAQAANPYERGPNPTESMLEARSGPFSVSEERASRLGADGFGGGTIYYPRENNTYGAIAISPGYTGTQSSIAWLGERIASHGFVVIAIDTNTTLDQPDSRARQLNAALDYMLTDASSSVRNRIDASRLAVMGHSMGGGGTLRLASQRPDLKAAIPLTPWHLNKSWRDITVPTLIIGADLDTIAPVSSHSEPFYNSIPSSTDKAYLELNNATHFAPNITNKTIGMYSVAWLKRFVDEDTRYTQFLCPGPRTGLLSDVDEYRSTCPF,D4Q9N1,,,,,
PVA,Sphingopyxis sp. 113P3,Klomklang et al. 2005,https://doi.org/10.1099/mic.0.27655-0,15817792.0,Polyvinylalcohol dehydrogenase,MGSHAWGGAVFSAATLIAFGSVVHASGTVAETAPQSGHAVPADQLDGETLYKARCAACHDNAEGRTPSREVLSKNPASFILASMRTGAMVPMAEGLTLEEMTAIARAVGKADAKTDDGIDLRRIWGNSVEGTPLDAPQCSSAPTPVDLGAANQWNGWSTEKDNGRFQRKPALDVADIPKLKLKWAFQYPGSKNGQATVIGDRLFTTSTSGAVYALNAKTGCVYWRHAAEGATRTSPVIAALPEGAPAKTALFFSDFTKAAVALDAETGKQLWKTVVDDQPALQMTGSITYWDGKIYVPISSGTEAFAQIPTWECCKFRGALVALDAATGKILWKRYTTEQEPRPFKLNKAGRQMWGPSGGAIWVTPTVDEARRLIYVGTSNSYTDVPYDNSDSVMAIDADTGAVRWTVQLLADDNYIDGCWQKGKEHANCPNPLGPDFSIGAAPIYRKMADGKEFLLVGQKSGMIYALDPANKGAKIWERQLSLGSALGGIEFGTAADDGKVYAGVSDIASQAKDRGKPGLWALDIRTGEVAWNFLNAPDTKCRWNNWWCHGAFSQAISVIPGAIFAGSYDGHFRAFDTATGKIIWDVDTGTKAVTTLSGAKAFGGVMDGAGPTIAGGMVYVHSGYAGRSSESGGRDLRGTDGNILMAFSVDGK,,,,,,Q588Z1
PVA,Sphingopyxis sp. 113P3,Klomklang et al. 2005,https://doi.org/10.1099/mic.0.27655-0,15817792.0,Oxidized polyvinyl alcohol hydrolase,MFKPVVKSRSSRSFCYLAGCLAMVAATLSSTAQAKSEWACPEGFTPKAGLNTDFPSDGKKRAFVVVPPKDSAGGAPVWVPMVGTVEATNWNLNVPRSGNNAKLAEHGYMVISPVRQCAEQDPNLGAGACNGVGKDGWTWNPWNDGRAPDASGDKYKTDAGDDVRFLEAMVRCVGTKWKLDRKRLFLGGISAGGTMTNRALLFDSEFWAGGMPISGEWYSTKDDGSTVPFQETRKMVAAAPAKIWQGRVGPYPLPSKLDPMVVITVWGGEKDLWDCGPPLGLCSDYRPTTQASSNYFSSISNVVHVACSATHGHMWPQVNTDAFNLWALNTMASHPKGSSPKDFKLTAPPEGYSCKIGRFTDHYK,,,,,,Q588Z2
PVA,Pseudomonas sp. VM15C,Shimao et al. 1996,https://doi.org/10.1271/bbb.60.1056,8782398.0,Polyvinylalcohol dehydrogenase,MQQNIERNQVSMTTSRFVWGAVMALVALGSASAAELNLPDGAALYRARCGTCHDNPQDRTPARDVIARNSPAFIMAAMNGVMAPMAAGLSEAEKQAIALHLGARPAGGSQEINPHAIWGPPSASMPLDGPKCKGKIPPIDLSTPDQWNGWGAGITNARFQPNPGLTAADVPRLKVKWAFNYPGSKNGQATVVGDRLFVTSMSGAVYALNAKTGCVYWRHDAAAATRSSVHVVQLPAGAPAQYAIFFSDWTKAAVALDAQTGKQLWKTTIDDQPGVQMTGSPTYHEGKLFVPISSGNEAFATNDQWECCKFRGALVALDALSGKVLWKTYTTQKEPAPFRLNKLGKQMWGPAGGSIWSAPTIDPKRGLVYVATSNSYTEVHHEGSDAVMAMEIETGKVRWINQVTKDDNYIIGCPRAANCPEKVGPDFALGNSPILHTLQDGRQYIVVGQKSGAVYAMDPDNDGELIWMRRVSPGSELGGVEFGMAADAENVYVGISDVITRKGGKPGVYALRIRDGADVWAFPAPRTPCRWNNIFCHPAVSQAVTAMPGVVFAGSMDGHFRAFSTSDGKVLWEFNTAAAPYKTVAGKQADGGVMDGAGPTIAGGMVYVHSGYAGRSTQNAGDLRGREGNVLIAFSVDGK,,P77931,,,,
PVA,Pseudomonas sp.,Shimao et al. 2000,https://doi.org/10.1099/00221287-146-3-649,10746768.0,Oxidized polyvinyl alcohol hydrolase,MNQSLGVLRLTRGVIALALASVASGCSSTGADRTAATPAAANPAATEPVKWECPAGYEVKEGLNVDFPHKGMKRAFIVYPAKNVSGPAPVWVPMTGSVESTNDNLTVARSGANSILADHGYTVIAPVRACANQDPNIRGERCNGPGSNGWNWNPWFEGRAADPSGEHWKNDEGPDSSFFVAMVQCVGTKYKLDARRLFLGGISSGGTMTNRALLFRSNFWAGGLPISGEWYVTSDDGTPLSFDDARAAVAAAPTKIHQGRVGPYPLPAKVGPLIVMTVWGGEKDLWNCTRPDGSRFLCADYRPSTQAGSNFFSAQPDVVHVACSSTHGHMWPQLNTQEFNRWALDTLASHPKGSDPRSFKLTQPPEGYTCHVGPFTGLY,,,,,,Q9LCQ7
PET,Thermobifida cellulosilytica,Acero et al. 2011,https://doi.org/10.1021/ma200949p,,Cutinase 2,MANPYERGPNPTDALLEARSGPFSVSEERASRFGADGFGGGTIYYPRENNTYGAVAISPGYTGTQASVAWLGERIASHGFVVITIDTNTTLDQPDSRARQLNAALDYMINDASSAVRSRIDSSRLAVMGHSMGGGGTLRLASQRPDLKAAIPLTPWHLNKNWSSVRVPTLIIGADLDTIAPVLTHARPFYNSLPTSISKAYLELDGATHFAPNIPNKIIGKYSVAWLKRFVDNDTRYTQFLCPGPRDGLFGEVEEYRSTCPF,E9LVH9,,,,,
Nylon,Agromyces sp. KY5R,Yasuhira et al. 2007,https://doi.org/10.1263/jbb.104.521,18215642.0,Endotype 6-aminohexanoat-oligomer hydrolase,MNTTPVHALTDIDGGIAVDPAPRLAGPPVFGGPGNDAFDLAPVRSTGREMLRFDFPGVSIGAAHYEEGPTGATVIHIPAGARTAVDARGGAVGLSGGYDFNHAICLAGGASYGLEAGAGVSGALLERLEYRTGFAEAQLVSSAVIYDFSARSTAVYPDKALGRAALEFAVPGEFPQGRAGAGMSASAGKVDWDRTEITGQGAAFRRLGDVRILAVVVPNPVGVIMDRAGTVVRGNYDAQTGVRRHPVFDYQEAFAEQVPPVTEAGNTTISAIVTNVRMSPVELNQFAKQVHSSMHRGIQPFHTDMDGDTLFAVTTDEIDLPTTPGSSRGRLSVNATALGAIASEVMWDAVLEAGK,,,,,,Q1EPR5
PET,Fusarium oxysporum f. sp. raphani 54005,Dimarogona et al. 2015,https://doi.org/10.1016/j.bbagen.2015.08.009,26291558.0,Cutinase,MKFSIISTLLAATASALPAGQDAAALEARQLGGSITRNDLANGNSGSCPGVIFIYARGSTESGNLGTLGPRVASKLEAKYGKNGVWIQGVGGAYRATLGDNALPRGTSSAAIREMLGHFSDANQKCPDAVLIAGGYSQGAALAAASVTDVDAGIREKIAGVVLFGYTKNLQNRGKIPSYPEDRTKVFCNTGDLVCTGSLIVAAPHLAYQSAASGAAPEFLIQKADAAGAA,X0BTD8,,,,,
PET,Ideonella sakaiensis strain 201-F6,Yoshida_et al. 2016,https://doi.org/10.1126/science.aad6359,26965627.0,Poly(ethylene terephthalate) hydrolase,MNFPRASRLMQAAVLGGLMAVSAAATAQTNPYARGPNPTAASLEASAGPFTVRSFTVSRPSGYGAGTVYYPTNAGGTVGAIAIVPGYTARQSSIKWWGPRLASHGFVVITIDTNSTLDQPSSRSSQQMAALRQVASLNGTSSSPIYGKVDTARMGVMGWSMGGGGSLISAANNPSLKAAAPQAPWDSSTNFSSVTVPTLIFACENDSIAPVNSSALPIYDSMSRNAKQFLEINGGSHSCANSGNSNQALIGKKGVAWMKRFMDNDTRYSTFACENPNSTRVSDFRTANCS,A0A0K8P6T7,,,,,
PLA,Cryptococcus sp. S-2,Masaki et al. 2005,https://doi.org/10.1128/aem.71.11.7548-7550.2005,16269800.0,Cutinase-like enzyme,MLVSALALAVLSAASLGRAAPTPESAEAHELEARATSSACPQYVLINTRGTGEPQGQSAGFRTMNSQITAALSGGTIYNTVYTADFSQNSAAGTADIIRRINSGLAANPNVCYILQGYSQGAAATVVALQQLGTSGAAFNAVKGVFLIGNPDHKSGLTCNVDSNGGTTTRNVNGLSVAYQGSVPSGWVSKTLDVCAYGDGVCDTAHGFGINAQHLSYPSDQGVQTMGYKFAVNKLGGSA,,,,,,Q874E9
PHB,Ralstonia pickettii,Yukawa et al. 1994,https://doi.org/10.1016/B978-0-444-81708-2.50012-9,,Poly(3-hydroxybutyrate) depolymerase,MKHPYGYRWHWLYALVVTLMTALATFSAHAAVTAGPGAWSSQQTWAADTVNGGNLTGYFYWPASQPTTPNGKRALVLVLHGCLQTASGDVIDNANGAGFNWKTIAEQYGAVVLAPNATGNVYSNHCWDYANTSPSRTSGHVGVLLDLVNRFVTNSQYAIDPNQVYVAGLSSGGGMTMVLGCIAPDIFAGIGINAGPPPAITRWKIGVVPSGYTATTAANNCKAWAGSNASSFNTQIAGAVWGTSDYTVAQAYGPMDTAAFRQIYGGTFTQGAQVSISGGGTNTPYTDSNGKLRTHEISVSGMAHAWPAGTGGDNNNYVDATHINYPAFVMDYWVKNNLRAGSGPVQSAGTPTGLTVTGTTTTSVSLSWNAVTNATSYNVYRNGSKVGSSTSTTYTDTGLIAGTTYSYTVTEIDPTAGESAQSSAVSAKTQSSFACTATTASNYAHVQAGRAHDSGGIAYANGSNQSMGLDNVFYTNTLAQTAAGYYVIGNCP,,Q52155,,,,
PU,Pseudomonas chlororaphis,Howard et al. 2007,https://doi.org/10.1111/j.1365-2672.2007.03447.x,18045391.0,Polyurethanase A,MGVFDYKNFTASDSKALFSDALAITLYSYHNIDNGFAEGYQHNGFGLGLPATLVTALIGSGNSQGVIPGIPWNPDSEKAALDALHQAGWSTISAQQLGYDGKVDGRGTFFGEKAGYGTAQVEILGKYDAQGHLESIGIAFRGTSGPRESVISDTIGDVINDLLAALGPKDYAKNYAGEAFGKLLGDVAAFAQANGLSGKDLVSGHSLGGLGVNSLADLSSERWSGFYKDSNYIAYASPTQSASDKVLNIGYENDPVFRALDGSTFNLSSLGVHDAHQDSATNNIVNFNDHYASTLWNVLPSSILNIPTWLSHLPTGYGDGLSRVLESKFYDFTSKDSTIVVANLSDPARASTWVQDLNRNAETHKGSTFIIGSDGNDLIQGGSGNDYLEGRAGNDTFRDSGGYNIILGGQGSNTLDLQQSVKNYSFASDGAGTLYLRDANGGISMTRDIGAIQSKEPGFLWGLFKDDVIHQVTDQGLKAGGQLTQYASSVRGDAGDNVLKAHAGGDWLFGLDGNDHLIGGQGNDVFVGGAGNDLMEAGGGNNTFLFTGHFGQDRILGYQGGDKLVFMGVSGVLPDQDYRAHASSSGNDTVLTFGQDSVTLVGVSLEHLNGSGIVLA,A1Z374,,,,,
PET,Saccharomonospora viridis,Kawai et al. 2014,https://doi.org/10.1007/s00253-014-5860-y,24929560.0,Alpha/beta hydrolase family protein,MRIRRQAGTGARASMARAIGVMTTALAVLVGAVGGVAGAEVSTAQDNPYERGPDPTEDSIEAIRGPFSVATERVSSFASGFGGGTIYYPRETDEGTFGAVAVAPGFTASQGSMSWYGERVASQGFIVFTIDTNTRLDQPGQRGRQLLAALDYLVERSDRKVRERLDPNRLAVMGHSMGGGGSLEATVMRPSLKASIPLTPWNLDKTWGQVQVPTFIIGAELDTIASVRTHAKPFYESLPSSLPKAYMELDGATHFAPNIPNTTIAKYVISWLKRFVDEDTRYSQFLCPNPTDRAIEEYRSTCPY,W0TJ64,,,,,
PHO,Pseudomonas fluorescens,Schirmer et al. 1994,https://doi.org/10.1128/jb.176.22.7065-7073.1994,7961472.0,Poly(3-hydroxyoctanoate) depolymerase,MPLRTLLCGLLLAVCLGQHALAASRCSERPRTLLRPAEVSCSYQSTWLDSGLVGQRKIIYQTPLGTPPAGGWPVVLIYQGSFFPLNDFSYHSNLPFGGYYEGKLVQNLLDHGYAVIAPSAPADLFWQTNIPGLAQAYELSTDYDFLGNVLAAIASGHFGPLNAQRQYATGISSGGYNTSRMAVSFPGKFRALAVQSGSYATCSGPLCVVPDQLPADHPPTLFLHGFVDAVVPWWSMDLYYDRLLHQGIETARYTEPLGGHEWFAASPGKVLAWFNAHP,,Q51718,,,,
PHB,Schlegelella sp. KB1a,Romen et al. 2004,https://doi.org/10.1007/s00203-004-0684-2,15340791.0,PHB depolymerase,MRSIRLKRLIAAVALGGAAAATQAASPLPRLNVDKTQISVSGLSAGGFMANQLGYAYSGTFMGVGIFAGGPYMCAGHSNYTSCMYNATITSSMRSAMQASIDNWSGAHIDPKAHVANQRVFLFVGNSDTTVGPNPMDAVHAQYQHNGVRRTARVRGRNSTAHVFPTDFDATGNNACNSTASPYIANCGYDGAKAVLSRIYGTLQPRNDAPAGANYIEFDQTAFTNNPGMASTGWVYVPANCAAGAQCRLHVALHGCQQSTGHIGDRFVKNTGYTRWADTNNIIVLFPQAKTDNTPRNTAASGMLPNPNACWDWVGWYGSNFAQKTGTQAAAIKAMVDHVASARPRLRLPAPTGVQTSGATSSSMVISWAAVQGAAGYNVYRDGTKVNATAVSGTSYTDNGLSPGTTYQWTVRAVNAQGPRPAVGPATGTTTGTAAVCFTSSNYAHVSAGRAYVSMGYTYANASHQNMGLWNVFVTTTLKQTGPNYYVIGTCP,,,,,,Q5YEW3
PHB,Bacillus megaterium,Takaku et al. 2006,https://doi.org/10.1111/j.1574-6968.2006.00448.x,17064368.0,Poly(3-hydroxybutyrate) depolymerase,MKRLFIAGMIFMLFFSLGAVSSSAAGSFTSKTYNGRTYKLYVPSSYQGGAALPLVVMLHGCTQDPDQFAAGTQMNALAETEKFLVLYPEQPSSANSNKCWNWFDTAHQSRGSGEPALIAGMVNQIKSSYSIDADQVFVGGLSAGAAMSVIMGATYPDIFAAISVGAGLEYKAATSVTGAYTAMSSGGPNPIQQGDLAYSAMGEHKRVVPVILFHGTADYTVAPINAHQILSQWAQTNDRASDGLDNNNIDDTADQTLPGTVSGGRSYTQYIYKDTAGKTVMEKYMIEGMGHAWPGGSTSGSYTDPKGPNATTLSWNFFKSHPKNSDAPNPGDISPPVTAASPAGGTYGSSVSVTLSTNEPATTYYTLDGSTPTVNSLKYSEPISINSSKTIKFFSVDAAGNQEGVKTEVYQISGTSEKSSVFSSLAAEDGFIGNLSADGMSSSIHKIGDKGMYNTDTYRTILSFDTSSLPDDAIITDVSLKIYRKSSTGNISSLKGDIKTGVFGTSSALEQIDYQASPSISAAFQMSVPSLDNGYTTIQLPSSLLGYMNRNGKTQFRLSSSGSADFLSDVVEIYGGDNPAYAPTLTVSYK,A0A8W8,,,,,
PHB,Caldimonas manganoxidans,Takeda et al. 2002,https://doi.org/10.1099/00207713-52-3-895,12054255.0,PHB depolymerase,MKTRMLVGWAAAAVLAAGPAWAVQSLPRLNIDKSQISVSGLSSGGFMANQLGVAHSSTFMGVGVFAAGPYMCAGHYNYTACMYNATISDGQLSTMQSSINHWSGSQIDDKAGIAKQKIYLFVGTSDSTIGPNPMDALRKQYANNAVPTGNDEYIKRSGAAHVFPTDFDAAGNNSCGSTSSPYIANCGYDGAKAVLTRIYGTLNPRNDTPPASNYIEFSQASFTNNPGMAATGWVYVPSDCAAGAQCRLHVALHGCQQSYAQIGDKFIKNTGYTRWADTNRIVVLFPQTKVDNTSRSTAASGLLPNPNACWDWIGWYGSDFAQKGGSQISAIKAMVDHLASGAPTSTLPAPTGVSTSGATDTSMVISWASVQGAAGYHVYRNGAKQTTTPVTGTSYTDTGLTPATTYQWTVTAVDGQGAESVPSAAASGTTTGAAPPPATCYTASNYAHTTACRAYAAWGYAYAKGSNQNMGLWNIYVITTLKQTGPNHYVIGTCP,,,,,,Q9LBN6
PHB,Caldimonas manganoxidans,Kasuya et al. 2003,https://doi.org/10.1016/j.ijbiomac.2003.08.006,14607367.0,Poly(3-hydroxybutyrate) depolymerase,MQHLLSGWIRRIALPVLTLSTLIILPSLPAHAGQTDSYTLPQQAYNQSRARDYKVYVPDGLTSPAPMVMALHGCKQTNNDVLNDWGLKAAADRYGFILVAPYITSYDGLRNQNCWGFWFDHHRHEGAGEVEDLHQIALAVEGNYSIDPQRRFITGLSSGGAMTAVAAITHNEYWAAAASASGLPYGEDSSSVSLTGQCPGNATFHSVSRVVSDMQAELNDPYPIPMMVLQNKNDCTVLKKAADNIRDAHLKVFGEAGFDTPSGADAGTVNCSPYYQNDYNCTHTRYTQDGTTGTRSVVETVYLDGPLSTPNTQDTDHGHYWVSGKDGNNGKWAIRVGPSYPDIIWNFFAAHDRDGPDPEGYPVITLIGDNPMSVAIGTAFTDPGATAEDAEDGSLTVSADCSDVDTASVGTYACTYSATDSDTNETTVTRSVEVYDPKAPVETCQQATASPSGHISAGRAYAGGTSNLRAYANGDDADIGASFDSWSSVVLYEGEPGQWFSQEPSACSGVPDDGNDNGDPVACQDWNASNLSHSMAGRAYYSAGYYTTGGDDSLGPIPGTYTWVKETSAGVFEAGQCP,,,,,,Q8GRC2
PHA,Pseudomonas alcaligenes,Kim et al. 2005_,,15995648.0,PhaZ,MLAPRSLLFCLLLFALPNAFADSRCSERAKTLLLPAKVSCSYKTTWIDSGLIGARQVIYQAPLGTPPAGGWPVVLIYQGSFFPLNNFTYYSNQPFGGYYEGKLVRALLDSGYAVIAPSAPADLFWQTNIPGLAQAYELTTDYDFLGNVFDAIASGHFGPLNSQRKYATGISSGGYNTSRMAVSFPGQFKALAIQSGSYATCSGPLCVVPDQLPADHXPTYFLHGFVDLTVPWWSMDLYYDRLLQQGIETARYTEPLGGHEWFAASPGKVLAWFNAHP,,,,,,Q6UFW4
PHB,Azospirillum brasilense,Kadouri_ et al. 2003,https://doi.org/10.1007/s00203-003-0590-z,12898135.0,PHB depolymerase,MSVLHGMFGFLSPEGPSSPSDGVGSLEQVAEREAHQGPGPGDAPMLVARGDHMTTPAQPSPFHRVLGHRLLGGPFDRRGATVLSDDAARGPDPGILDHVRPGGRVACVAEPESVGRQPAAVRQAAQRMAVRTPAMLAPRSGRAGGDGTVLMFGGTVDEAGHSDQGWWLRTKPKPNLAHRTVRGNPQRWPARGNSSIAGYDESRVHRRLGTLCGTRSPLLQAGGAGGSILPLVPVRHCLYAVRQIGAIGHGKGNSAAEFGLKTTVVDGETVAITERIALRKPFCNLLHFAKPEGTPAQPRVLLVAPMSGHHATLLRGTVAALLADHDVFVTDWIDARLVPLACGRFDLDDYIDTVVTELIRFLGPQTHVIAVCQPAVPVLAAVSLMAAGDEAVQPRSMTLMGGPIDPMANPTVPVKLAATHPLSWFERNVITTVPAYYPGGFRQVYPGFIQLSGFMSMNLDRHIGEHVGLFRHLVRGDGDSAVQHRRFYDEYLSVMDLSAEFYLQTIETVFHKHSLANGTMESRGRKVEPAAIRRTAVMTVEGELDDISAPGQTESAHRLCASLPDDMRARHFQKGVGHYGIFNGRRWRESIMPAVREFIRKHD,,,,,,Q71KW6
PHA,Paracoccus denitrificans,Lu et al. 2014,https://dx.doi.org/10.1128%2FAEM.03396-13,24271169.0,PHA depolymerase,MTTYKGLRGIISYDAMETIRNTNEWMGASARALSSYPAFALMPNPLFKLMSAWGRVTERSFARMVIKPDWEIPPVVSEDGQDHVVYIEPVIERPFGDLVHFRVARRAPQARKVLLVAPMSGHYATLLRTTVTSLLPDCEVYVTDWHNARDIPVSCGKFDVDDYTQYLVDFIRHLGPDTNVIAVCQPAPLALAATALLAEEDPKAQPRSLILIGGPIDPDAAATEVTDFGNRITMGELDYLMIQQVGFKYRGAGRMVYPGLAQLSSFIAMNAETHAKAFLDKIFAEARGQGSEGDKHNTFYDEYLAVMDMTAEFYLSTVERIFKEREIARNCFTVNGKPVDLGKITDVAVMTVEGANDDISAPGQCVAALALCTGVPESRKTQHLEPGAGHYGIFAGKSWRLNIRPLVLDFIDEQLQPTGQRKRRRSGPVPVDCGVTNFSEQDAKIAV,V5YV80,,,,,
phthalate,Burkholderia cepacia DBO1,Stingley et al. 2004,https://doi.org/10.1099/mic.0.27263-0,15528661.0,Phthalate dioxygenase reductase,MTTPQEDGFLRLKIASKEKIARDIWSFELTDPQGAPLPPFEAGANLTVAVPNGSRRTYSLCNDSQERNRYVIAVKRDSNGRGGSISFIDDTSEGDAVEVSLPRNEFPLDKRAKSFILVAGGIGITPMLSMARQLRAEGLRSFRLYYLTRDPEGTAFFDELTSDEWRSDVKIHHDHGDPTKAFDFWSVFEKSKPAQHVYCCGPQALMDTVRDMTGHWPSGTVHFESFGATNTNARENTPFTVRLSRSGTSFEIPANRSILEVLRDANVRVPSSCESGTCGSCKTALCSGEADHRDMVLRDDEKGTQIMVCVSRAKSAELVLDL,,P33164,,,,
phthalate,Burkholderia cepacia DBO1,Stingley et al. 2004,https://doi.org/10.1099/mic.0.27263-0,15528661.0,"4,5-dihydroxyphthalate decarboxylase",MSKLQLSIAVGNYDRMRPLIDGDVQIDGVDPVFMLQDPEEIFFRAFRHADYDICELSLSSYSVKTAAGTSPYIAVPVFPSRAFRHSSVYVRSDRGIDRPEDLKGKRIGVPEYQLTANVWVRLFLEEEYGVKASDIRWVRGGYEDPTRVEKISLKLPDGVVLENAPEGQTISNLLADGEIDGVIGPRAPSCFDRGHPKVKYLFDDPQKSAAEWYERRKVFPIMHTLGIRKTLADQHPWLPGAIAKAFEQSKEVALARLSDTSATKVTLPFIEDQLRNARRLMGHDFWSYGFANNEHVIDRFLAQHHAEGLSSRRLQPAELFHPASLERFKI,,,,,,Q9ZFR0
phthalate,Burkholderia cepacia DBO1,Stingley et al. 2004,https://doi.org/10.1099/mic.0.27263-0,15528661.0,Phthalate dioxygenase,MLTHQENELLCRVEGDAPMGQLMRRHWTPVCLIEEVSEPDGAPVKARVFGEDLVVFRDSEGNVGVLDEYCPHRRASLVYGRNEDSGLRCLYHGWKFDVAGNVLEMVSEPAASSMTDKVKHKAYPVQEWGGMVWAYMGPQDAIPEFVPPAWAPTADTRVSIAKALLPCNWAQILEGAIDSAHSSSLHSSDFVPARVGGAEATDKNWLRPSTDKAPRLQVERTDYGFRYAALRRPIFNANTHDYVRCTVFVAPGTVLIPPNNLYNVANINVPMDDTNTAFYFIAWGDPETTPENETWRKFLRQQVGVDLDQYYRPLRNHDNRFWQDRQAMKAGNFTGISGFPNQDIAMWVTMGPIANRSDERLGGSDLAIVEFRRRMLDAITEFQQGDGTIGTGAKAIPREVCSYQAVVPKEIDWRTYAARYVSKKNPEPADQPSALATDYQVKQ,,,,,,Q9ZFQ5
phthalate,Mycobacterium sp. PAH2.135,Stingley et al. 2004,https://doi.org/10.1099/mic.0.27263-0,15528661.0,Phthalate dioxygenase large subunit,AHVYNDRQIFALEKERLFSRAWLFVAHESEIPQPGDYVVRQVLQDSFIVARDSAGEVRVMFNMCLHRGMQVCRAEMGNASNFRCPYHGWSYRNDGRIIGLPFHQEAYGGDAGFNKEGQTLLPAPNAASYNGLIFLSMDPDAEPLDEYLGDFRFYLDFYTKQSPNGLEVRGPQRWRVKANWKIAAENFAGDMYHTPQTHTSVVEIGLFREPKANKRKDGATYWAGRGGGTTYKLPEGDFEERMSYVGYPAEMISRAKATWTEQQQQLVGADGFMISAATCFPNISFVHNWPKVEDG,,,,,,Q6UC97
phthalate,Mycobacterium sp. PAH2.135,Stingley et al. 2004,https://doi.org/10.1099/mic.0.27263-0,15528661.0,Phthalate dihydrodiol dehydrogenase,RATVDAFLNEAAQVAVLEYDSAKCAALRQQLPDVPVIEGDGTTRAASDEAVEVAVDAFGGLDTLVNCVGIFDFYRGIQDIPAERIDQAFDEMFRLNVLSHIHSVKAALPALMDQGGASIILTESTSSFYPGRGGL,,,,,,Q6UC95
phthalate,Mycolicibacterium gilvum PYR-GCK,Stingley et al. 2004,https://doi.org/10.1099/mic.0.27263-0,15528661.0,Phthalate dioxygenase large subunit,AHVYNDKQIFSLEKERLFSRAWLFVAHESEIPQPGDYVVRQVLQDSFIVARDSAGEVRVMFNMCLHRGMQVCRAEMGNASNFRCPYHGWSYRNDGRIIGLPFHQEAYGGDAGFNKAGQTLLPAPSVASYNGLIFLSMDPDAESLEDYLGDFRFYLDFYTKQGPNGLEVRGPQRWRVKANWKIAAENFAGDMYHTPQTHTSVVEIGLFREPKANKRKDGATYWAGRGGGTTYKLPEGSFEDRMSYVGYPADMISRAKATWTEQQQQVVGTDGFMISAATCFPNISFVHNWPKVEDG,,,,,,Q6UC96
phthalate,Mycolicibacterium gilvum PYR-GCK,Stingley et al. 2004,https://doi.org/10.1099/mic.0.27263-0,15528661.0,Phthalate dihydrodiol dehydrogenase,RATVDAFLNEDARVAVLEYDSGKCATLRQQLPDVPVIEGDGTTRTANDEAVQVAVDAFGGLDTLVNCVGIFDFYRRIQDIPAERIDQAFDEMFRINVLSHIHSVKAAVPALMGQDGASIVLTESASSFYPGRGGL,,,,,,Q6UC94
PU,Pseudomonas chlororaphis,Stern er al. 2000,https://doi.org/10.1111/j.1574-6968.2000.tb09056.x,10754242.0,Polyurethanase esterase A,MGVFDYKNFTASDSKALFSDALAITLYSYHNIDNGFAEGYQHNGFGLGLPATLVTALIGSGNSQGVIPGIPWNPDSEKAALDALHQAGWSTISAQQLGYDGKVDGRGTFFGEKAGYGTAQVEILGKYDAQGHLESIGIAFRGTSGPRESVISDTIGDVINDLLAALGPKDYAKNYAGEAFGKLLGDVAAFAQANGLSGKDVLVSGHSLGGLGVNSLADLSSERWSGFYKDSNYIAYASPTQSASDKVLNIGYENDPVFRALDGSTFNLSSLGVHDAHQDSATNNIVNFNDHYASTLWNVLPSSILNIPTWLSHLPTGYGDGLSRVLESKFYDFTSKDSTIVVANLSDPARASTWVQDLNRNAETHKGSTFIIGSDGNDLIQGGSGNDYLEGRAGNDTFRDSGGYNIILGGQGSNTLDLQQSVKNYSFASDGAGTLYLRDANGGISMTRDIGAIQSKEPGFLWGLFKDDVIHQVTDQGLKAGGQLTQYASSVRGDAGDNVLKAHAGGDWLFGLDGNDHLIGGQGNDVFVGGAGNDLMEAGGGNNTFLFTGHFGQDRILGYQGGDKLVFMGVSGVLPDQDYRAHASSSGNDTVLTFGQDSVTLVGVSLEHLNGSGIVLA,,,,,,Q9X3C0
PU,Pseudomonas chlororaphis,Howard et al. 2001,https://doi.org/10.1016/S0964-8305(01)00042-7,,Polyurethanase B,MSMSIFDYKTALGGDGKALYSEAITLALYASTPTGEALPGTAWRPISVSQLGYQGNVSAQGTISGEQAIVSDAQSRCWANTTRPGSCCPSASSFRGTRQPQGRYQRLAGGLRVGLLPTTTSRLAFDNLLGKVAAFAAAQGLSGSDVLVTGHSLGGLGGQPRGGHEQRSLGRLLPGRQLLGFASPTQSANSSQVLNIGYETTRCSAPWTALISTALSLGTHWQAPGVATNNIVSFTDHYSSFLGEVDSPEHPQSAVLVGPQCGGLRRGLNRLINSDFYDLTSRDSTVVISNLSEGKRDQVWVKDLNLYAEKHTGSTFIIGTQSNDLLHGGKGNDYLDGGAGDDRFRDDGGYNIIHGGQGHNVLELQQPLKNFSIANDGDGTLYIRDAYGGISMTRDVGALVSHETGSWWQLFGKDVSHSVTADGLQNGNQWTAYNHSLNGDAYGNALVASVDGDWLFGHGGDDLLSSDKANVTFVGGTGNDVMHSSGGGGNTFLFSGNFGFDLIHGYQNTDKLVFMGVPGVDAHYDYSQHLSQNGNDTLVQVFGEFLRVNPWWGSAWTSLSGSGLVFA,,,,,,Q9R9H2
PLA,uncultured bacterium,Mayumi et al. 2008,https://doi.org/10.1007/s00253-008-1477-3,18461319.0,PLA depolymerase,MLLKKRWLIFISFLLAFTLLIPTAASASEKHYKPNIALEPIENSEGNEHPIILVHGLGGFGRDELGGIIKMWGGIHDIEKKLREKGYKVYTAAVGPVSSNRDRAIELYYQIKGGTVDYGEAHAKKYGHDRYGRTYPGFYPEWGEINPKTGKPNKVHLIGHSMGGQTIRTLAQLLYEGDPEEHKTGGNDISPLLSGEKQPWLHSVLSISSPHDGSTATYLVNDVIPIIQELVIGAAIFAGNIDQNLYDFKLDHWGIKKRPGESFHSYVQRVRNSPGWKTKDTANWDLKPEGAYELNRWVKAQPDVYYFSVSNTQSRRSLLTGYYVPDLFMNPFLHPTAYYIGSKTFRKSNFVLDKTWWENDGLVSVKAMKGPNIGSNDVIVEYNGTPRKGVWNHLGTMRQFDHLDIIGWGVRDVTSWYEDVARFLYSLPDDY,A4UZ10,,,,,
PLA,uncultured bacterium,Mayumi et al. 2008,https://doi.org/10.1007/s00253-008-1477-3,18461319.0,PLA depolymerase,METVKGVHLAIAALLFLCVLPGNADASEKQFDLVLVHGLTNKHRWSDSFLRALVNEWGSGNVYVIYTNQSMQVSKRTIDGKTITFIGKNDFSAGDDSVKDQAEIMAEKIEVLKRDHGLSPQFYIIAHSMGGLVSRQYIYDHPNTVAGLVTLGTPHHGSPLASDFDWLGFFIGAEAAMDNLRPEWVEDFNRRFPVENAPLYNGGKIYTIRGDSDGKIWEWGAMGELYVGWHILHKKHGTDSDGLVPHASAVIEGAVHLADFPNYHHLDLVTREEVAKKAAEVLR,A4UZ12,,,,,
PLA,uncultured bacterium,Mayumi et al. 2008,https://doi.org/10.1007/s00253-008-1477-3,18461319.0,PLA depolymerase,MHESVHAESLWLTMDDGAEVYVRVWEPAARAAADSSDDAPAPPAAAGGPRAVLQLAHGMTEHSGRYDDFARFLAGRGFAVVGNDHRGHGHTGERADSMGYLADQDGFERLVDDLRAVHEWACRRWPGAPRFLMGHSMGSFLVRRYIQRYGDTVAGVIIMGTAGNPGLPGKIGRRLARLEMRRRGPRHPSMLLTSLVFGGYNKKIRSPKTAFDWLSRDAEAVKAYVADPWCGFVPSAGFYFDLLTGLLLIHDEREIARIPKDLPMLFLSGDADPVTGYGKGVERVIAQYERHGLRRMTSILYKDARHELLNELNKEEVYGDILKWLENTQAGILRNLSK,A4UZ14,,,,,
PLA,uncultured bacterium,Mayumi et al. 2008,https://doi.org/10.1007/s00253-008-1477-3,18461319.0,PLA depolymerase,SFLLAFTPFVPTATASASEKNYQPNINLEPIQNSEGNEYPIILVHGLGGFGRDELGGIIKMWGGIHDIEKKLREKGYKVYTAAVGPVSSNRDRAIELYYQIKGGTVDYGEAHAKKTGHSRYGRTYPGFYPEWGEINPKTGKPNKVHLIGHSMGGQTIRTLAQLLYEGDPEEQKISGNDISPLLSGEKQPWLHSVLSISSPHDGSTATYLVNDVIPIIQELVIGAAIFAGNIDQNLYDFKLDHWGIKKQPGESFHSYVQRVRNSPGWKTKDTANWDLKPEGAYELNRWVKAQPDVYYFSVSNTQSRRSLLTGHYVPDLFMNPFLHPTSYYIGSKTFRKSNFVLDKTWWENDGLVSVKAMKGPNIGSNDVIVEYDGTPRKGVWNHLGTMRQFDHLDIIGWGVRDVTGWYEDVARFLYSLPE,A4UZ11,,,,,
PLA,uncultured bacterium,Mayumi et al. 2008,https://doi.org/10.1007/s00253-008-1477-3,18461319.0,PLA depolymerase,MEMVKGVHLAIAALLFLCVLPGNADASEKQFDLVLVHGLTNKHRWSDSFLRALVNEWGSGNVYVIYTNQSMQVSKRTIDGKTITFIGKNDFSAGDDSVKDQAEIMAEKIEVLKRDHGLSPQFYIIAHSMGGLVSRQYIYDHPNTVAGLVTLGTPHHGSPLASDFDWLGFFIGAEAAMDNLRPEWVEDFNRRFPVENAPLYNGGKIYTIRGDSDGKIWEWGAMGELYVGWHILHKKHGTDSDGLVPHASAVIEGAVHLADFPNYHHLDLVTREEVAKKAAEVLR,A4UZ13,,,,,
PHB,Talaromyces funiculosus, Kasuya et al. 2007,https://doi.org/10.1002/masy.200750433,,Poly(3-hydroxybutyrate) depolymerase,MFDSVKIAWLVALGAAQVAATALPAFNVNPNSVSVSGLSSGGYMAAQLGVAYSDVFNVGFGVFAGGPYDCARNQYYTSCMYNGYPSITTPTANMKSWSGNQIASVANLGQRKIYMWTGSSDTTVGPNVMNQLKAQLGNFDNSANVSYVTTTGAVHTFPTDFNGAGDNSCSLSTSPYISNCNYDGAGAALKWIYGSLNARNTGTLSGSVLSFAQSGSYGANGMDTTGYLYVPQSCASGATVCSLHVALHGCLQSYSSIGSRFIQNTGYNKWADTNNMIILYPQAIPDYTIHAIWNGGVLSNPNGCWDWVGWYGSNADQIGGVQMAAIVGQVKQIVSGFQG,B2NHN2,,,,,
PHB,Cupriavidus necator H16,Abe et al. 2005,https://doi.org/10.1128%2FJB.187.20.6982-6990.2005,16199568.0,Intracellular poly(3-hydroxybutyrate) depolymerase,MTKSFAADWHAQIRRLSRAQARTEAQVKSWLDRVDSLNPLTPARPDRPPGKVRPARPAPAPGSLPGTWQAHRLRLAPLPGELVPQLSYHLYIPSKAHRGPLPVVVVLHGCRQTPDDLSAGTRMNALAEREGFIVAYPQQPLRRQVQRCWQWFDLGAAEGGREAQAVAALIDALAARHDVREREIYLAGMSAGAAMAAVVALRYPGKVAAAALHSGVVIGAADNPRAGLRAMQQGSAADPSWLLDAAGVTPGGPEMPALVIHGLADDAVHPVNGRLLARQFLAYNGLEDRLAGAPAQSGPEDEAPGRSHEYRFGRWRRDLVTLVEVEGLGHAWSGGDASYGYHSDIGPDASTMMWQFFSQHRR,,,,,,Q3V6L9
PHB,Diaphorobacter sp. PCA039,Zhang et al. 2010,https://doi.org/10.1007/s11274-010-0361-3,,PhaZd,MPFHRFLLAAALASAGMAQAAAPLGQYNIDTGKISVSGLSSGGFMANQLGNAYSSTFMGVGVFAAGPYMCAGHNNYTACMYNASISASQQSAMQGSIDSYSANGTIDGKSGIAAQKIYIFTGTSDYTVGPNLTDALQTQYLNNGVPAGNITYVKRSGTAHVLPTDFDSTSNNACSSSTSPFISNCGYDGAGAVLSHFYGALNARNNAPAAANYIEFDQSAYTAGNPGMAANAWLYVPASCASGAQCKLHVVLHGCQQSTDKIGDKFVKNTGYSRWADTNQIILLFPQTRIDNTSRSTAKSGSLANPNACWDWIGWYGGNFAHKSGAQMAAIKAMVDRIASGAGSGDGGGTTPPNDPVLPAPTGLSLSGATATSMNLAWNAVAGASGYNVYRNGNKANALTVYATSYTDSALTASTTYSWAVRAVDANGAEGDASNAVSGTTLAPTQSPGTCTTASNYAHTQAGRAYQQGGYTYANGSGQSMGLWNVFVTTTLKQTATNYYVIGTCP,B6UQD9,,,,,
PHB,Alcaligenes faecalis,Komiya et al. 2017,https://doi.org/10.1128/AEM.01251-17,28802264.0,Poly(3-hydroxybutyrate) depolymerase,MTSRPMRSLVIAFLTLVAAAAPALAGAGAWQNNLSLGGFNKVHLYTPDGDSPVGNGKALLIVLHGCTQSIDAYKTANLEVAAEEYGMVVAVPDAMNKAGFSCWSYWQGTKSRSAGDYKNLINLANTLSGDAARGIDPNQVYIAGLSSGASFANTTACLAPDVFAGVGVSAGPSVGTSSSGAIGTCEQADVESRCRDLGGGYQSAFDTQVASIAHGDADTTVDTCYNRQNAEGMAGLYGVSEVAGSTVINADGGSAEEFLWQDGRVSMLWFHGLDHSWSGGQGASGSYVSGASINYARYLGGFFAEHNARIDRNRVPTLAQVDVTASADRIQVSGQASDEDGTVSSVAIVIEGVNGGGATLAAAIDNNGYFQATSDPLADGLYTVAVTAADDDGGESEPAIRTVRVGPEPPASAPVLSDIAVSVDGQCATVSGQVVDENQDLAGVTVTFASGVRAAGIDGVRYSARACDLPGGAQNATVSAEDEGGLSSGDQIDFVIDAGQTATLDQHISAGRLDYTNYADCYLEYGADAFKLTEATVSGQCQWQDDDASCAGPVQACSGAGGGGDPQPQPGDECQTQSTYNYYHKVAGRAYSTGNYYAPDYFAQGSDEPMAGSTWGLTALYSEDGGNVWRLGECP,,P94146,,,,
PET,uncultured bacterium,Sulaiman et al. 2012,https://doi.org/10.1128%2FAEM.06725-11,22194294.0,LCC,MDGVLWRVRTAALMAALLALAAWALVWASPSVEAQSNPYQRGPNPTRSALTADGPFSVATYTVSRLSVSGFGGGVIYYPTGTSLTFGGIAMSPGYTADASSLAWLGRRLASHGFVVLVINTNSRFDYPDSRASQLSAALNYLRTSSPSAVRARLDANRLAVAGHSMGGGGTLRIAEQNPSLKAAVPLTPWHTDKTFNTSVPVLIVGAEADTVAPVSQHAIPFYQNLPSTTPKVYVELDNASHFAPNSNNAAISVYTISWMKLWVDNDTRYRQFLCNVNDPALSDFRTNNRHCQ,G9BY57,,,,,
PET,Thermobifida fusca ,Danso et al. 2018,https://doi.org/10.1128/AEM.02773-17,29427431.0,Cutinase,ANPYERGPNPTDALLEARSGPFSVSEENVSRLSASGFGGGTIYYPRENNTYGAVAISPGYTGTEASIAWLGERIASHGFVVITIDTITTLDQPDSRAEQLNAALNHMINRASSTVRSRIDSSRLAVMGHSMGGGGSLRLASQRPDLKAAIPLTPWHLNKNWSSVTVPTLIIGADLDTIAPVATHAKPFYNSLPSSISKAYLELDGATHFAPNIPNKIIGKYSVAWLKRFVDNDTRYTQFLCPGPRDGLFGEVEEYRSTCPF,E5BBQ3,,,,,
PET,Thermomonospora curvata,Danso et al. 2018,https://doi.org/10.1128/AEM.02773-17,29427431.0,Triacylglycerol lipase,MSLRKSFGLLSATAALVAGLVAAPPAQAAANPYQRGPDPTESLLRAARGPFAVSEQSVSRLSVSGFGGGRIYYPTTTSQGTFGAIAISPGFTASWSSLAWLGPRLASHGFVVIGIETNTRLDQPDSRGRQLLAALDYLTQRSSVRNRVDASRLAVAGHSMGGGGTLEAAKSRTSLKAAIPIAPWNLDKTWPEVRTPTLIIGGELDSIAPVATHSIPFYNSLTNAREKAYLELNNASHFFPQFSNDTMAKFMISWMKRFIDDDTRYDQFLCPPPRAIGDISDYRDTCPHT,D1A9G5,,,,,
PET,Thermobifida alba,Danso et al. 2018,https://doi.org/10.1128/AEM.02773-17,29427431.0,Cutinase,MANPYERGPNPTDALLEASSGPFSVSEENVSRLSASGFGGGTIYYPRENNTYGAVAISPGYTGTEASIAWLGGRIASHGFVVITIDTITTLDQPDSRAEQLNAALNHMINRASSTVRSRIDSSRLAVMGHSMGGGGTPRLASQRPDLKAAIPLTPWHLNKNRSSVTVPTLIIGADLDTIAPVATHAKPFYNSLPSSISKAYLELDGATHFAPNIPNKIIGKYSVAWLKRFVDNDTRYTQFLCPGPRDGLFGEVEEYCSTCPF,E9LVH7,,,,,
PET,Thermobifida halotolerans,Danso et al. 2018,https://doi.org/10.1128/AEM.02773-17,29427431.0,Serine hydrolase,MANPYERGPNPTNSSIEALRGPFRVDEERVSRLQARGFGGGTIYYPTDNNTFGAVAISPGYTGTQSSISWLGERLASHGFVVMTIDTNTTLDQPDSRASQLDAALDYMVEDSSYSVRNRIDSSRLAAMGHSMGGGGTLRLAERRPDLQAAIPLTPWHTDKTWGSVRVPTLIIGAENDTIASVRSHSEPFYNSLPGSLDKAYLELDGASHFAPNLSNTTIAKYSISWLKRFVDDDTRYTQFLCPGPSTGWGSDVEEYRSTCPF,H6WX58,,,,,
PET,uncultured bacterium,Danso et al. 2018,https://doi.org/10.1128/AEM.02773-17,29427431.0,PET2,MPITARNTLASLLLASSALLLSGTAFAANPPGGDPDPGCQTDCNYQRGPDPTDAYLEAASGPYTVSTIRVSSLVPGFGGGTIHYPTNAGGGKMAGIVVIPGYLSFESSIEWWGPRLASHGFVVMTIDTNTIYDQPSQRRDQIEAALQYLVNQSNSSSSPISGMVDSSRLAAVGWSMGGGGTLQLAADGGIKAAIALAPWNSSINDFNRIQVPTLIFACQLDAIAPVALHASPFYNRIPNTTPKAFFEMTGGDHWCANGGNIYSALLGKYGVSWMKLHLDQDTRYAPFLCGPNHAAQTLISEYRGNCPY,C3RYL0,,,,,
PET,Oleispira antarctica RB-8,Danso et al. 2018,https://doi.org/10.1128/AEM.02773-17,29427431.0,PET5,MNKSILKKLSFGTSVLLVSMNALSWTPSPTPNPDPIPDPTPCQDDCDFTRGPNPTPSSLEASTGPYSVATRSVASSVSGFGGGTLHYPTNTTGTMGAIAVVPGFLLQESSIDFWGPKLASHGFVVITISANSGFDQPASRATQLGRALDYVINQSNGSNSPISGMVDTTRLGVVGWSMGGGGALQLASGDRLSAAIPIAPWNQGGNRFDQIETPTLVIACENDVVASVNSHASPFYNRIPSTTDKAYLEINGGSHFCANDGGSIGGLLGKYGVSWMKRFIDNDLRYDAFLCGPDHAANRSVSEYRDTCNY,R4YKL9,,,,,
PET,Vibrio gazogenes,Danso et al. 2018,https://doi.org/10.1128/AEM.02773-17,29427431.0,PET6,MNVLTKCKLALGIIAIFFSLPSFAVPCSDCSNGFERGQVPRVDQLESSRGPYSVKTINVSRLARGFGGGTIHYSTESGGQQGIIAVVPGYVSLEGSIKWWGPRLASWGFTVITIDTNTIYDQPDSRASQLSAAIDYVIDKGNDRSSPIYGLVDPNRVGVIGWSMGGGGSLKLATDRKIDAVIPQAPWYLGLSRFSSITSPTMIIACQADVVAPVSVHASRFYNQIPGTTPKAYFEIALGSHFCANTGYPSEDILGRNGVAWMKRFIDKDERYTQFLCGQNFDSSLRVSEYRDNCSYY,,,,,,UPI0003945E1F
PET,Polyangium brachysporum,Danso et al. 2018,https://doi.org/10.1128/AEM.02773-17,29427431.0,PET12,MPPDCVLPRRLAAAALLASATLVPLSAAAQTNPYQRGPDPTTRDLEDSRGPFRYASTNVRSPSGYGAGTIYYPTDVSGSVGAVAVVPGYLARQSSIRWWGPRLASHGFVVITLDTRSTSDQPASRSAQQMAALRQVVALSETRSSPIYGKVDPNRLAVMGWSMGGGGTLISARDNPSLKAAVPFAPWHNTANFSGVQVPTLVIACENDTVAPISRHASSFYNSFSSSLAKAYLEINNGSHTCANTGNSNQALIGKYGVAWIKRFVDNDTRYSPFLCGAPHQADLRSSRLSEYRESCPY,A0A0G3BI90,,,,,
PA,Pseudomonas pelagia, Haernvall_et al. 2017,https://doi.org/10.1021/acs.est.7b00062,28345898.0,Lipase,MKNTLIPKSLSTLFAASALMLSATVMAANPAPPQDPVEPGGFARGPDPSVSFLEADRGPYSVNTSRVSGLVSGFGGGTIHYPSGTTGTMAAIVVIPGYVSAESSIEWWGPKLASHGFVVMTIDTNTSFDQPPSRARQINSALDYLIDQNTATRSAVRGMIDTNRLGVVGWSMGGGGTLRVATEGRISAAIPLAPWDTSSLQFRNVQAPTLIFACESDIIAPVGSHASPFYNRLPGDLNKAFVEIDGGNHYCANGAASFGRYDSVLSRMGVSWMKLHLDQDERYKQFLCGPNHTADNRISEYRGNCPY,A0A1B0Z6Y3,,,,,
PBAT,uncultured bacterium,Müller et al. 2017,https://doi.org/10.1128/AEM.02641-16,27940546.0,Carboxylesterase,MTTRPESLGLSAERLKRLDAHFDAKYVQTGKLPFAMTLVSRKGEVAHHGFSGLMDEARGKKVEADSLFRIYSMTKPLTSVLFMMLVEEGKVALDDPVHSLIPSWKNLGVYAGGWDMMASKPCARPMQMVDLLRHTSGLTYGFQQRTNVDAAYRKHNIGVFERQISLDATIEALAALPLEFSPGEAWNYSVSTDILGYLIGKIEGRPFEEVLKARLTGPLGMDDTDFQVKASERGRFAACSAINAKGERVLNDDPEKSSYLQPPVLVSGGGGLVSTAGDYLKFCQMMLNGGEANGTRFLSPKTIALMTSNHLPGGVDLPQLSKSLFSEVAYDGVGFGLGFSVTMDPAKTLLPGTAGEYAWGGAASTAFWIDPKEELIVIFMTQLIPSSFYPIRRELRTLAYSAITESFV,A0A1C9T884,,,,,
PBAT,uncultured bacterium,Müller et al. 2017,https://doi.org/10.1128/AEM.02641-16,27940546.0,Carboxylesterase,MNEAMIRGVLEEAVASGGIAGAVVTVTDANATLFQLAVGRQSVAAPDPMRADSVFWIASMTKAITTVAALQLVEQGKLTLDEPIGDVLPELAEPVVLKGFGADGAPVVEPAQAKLTLKHLLTHTSGFSYEFANGDLARYLERTGHPSAATGLKAGLRQPLMFEPGARWEYGIGIDWAGQAVEAASGMTLDAYFAAYVTGPLGMTDTLFLPRADQAARRVAMHQRQPDGSLTAVPFEPRPAPEYLAGGAGLYSTAPDYAAFLRMILNKGMGLLKPETVAAMGTNQIGALRAGKIGSVNPGLTAEADFYPGMDSKWGLGFLINPEKGSFGRSADSLTWAGLPNCYYWIDREKGIGAVILMQSLPSGDMGALKAAAGFEYALYASL,A0A1C9T772,,,,,
PBAT,uncultured bacterium,Müller et al. 2017,https://doi.org/10.1128/AEM.02641-16,27940546.0,Carboxylesterase,MRTVDGRIGMVERRTRLVSLLAAAALAVSLSGCSATTVLNTLEPRWDVAATRDVAYAPGPRHDVDVYAPKKIGPHTPVVVFIYGGGWDSGEKSKYAFVGSALASHGYLVFIPNYRIYPEAHYPDFLQDCALAVRWAKDHAAQYGGDPGELFLMGHSAGAYNAAMLATDPQWLGAVGMDPHRDLKGMVGLAGPYDFLPLQSDELKAIFGAVGQEPASQPINHVDGREPPMFLAHDLGDTVVYPKNTINMAAKIQAAGGEVETKYYKGLSHALMIGVFAAPLRFLGPVFRDSTQFIDAHASSSASKP,A0A1C9T7D1,,,,,
PBAT,uncultured bacterium,Müller et al. 2017,https://doi.org/10.1128/AEM.02641-16,27940546.0,Carboxylesterase,MGKQDLVRAVLENAVASGAVAGAVAAVTTASGTVLEVAAGQQSAEVPAPMAVDSVFWVASMTKALTTVAAMQLVEDGRLTLNDPIETILPDLANPMVLEGFADDGSPITRPARKKITLGQLLTHTAGFSYDFASADLARYLAVTGTPSAATGLKAGLRQPLLFEPGERWEYSIGIDWAGQAVEAVSGRRLDDYFAAYVTGPLGMKDTVFQPGKARDSRRAAMHQRTEDGGLKVVPFDPRPAPEFLSGGGGLYSTAPDYLAFMRMILNQGGDILAPETVEAMGRNQIGKLRAGRIGSANPAVIAPSDFYPGMDAKWGLGFLLNPAPGPFGRSAGSLTWAGLPNCYYWIDPAKGIAAVILMQLLPSGDPGALKTYAGFEAAVYASL,A0A1C9T784,,,,,
PBAT,uncultured bacterium,Müller et al. 2017,https://doi.org/10.1128/AEM.02641-16,27940546.0,Carboxylesterase,MASWQSKILNPVIRALVKRKLLKTHDAAGIRKAFGGVLPPPRGAQFSADVVGGMPGEWAKSGGAAAGTMLYLHGGGYVGGSTATHRPITAAFAIRGLDVFVPDYRLAPENAFPAAVDDGLAAYKGLLDAGIAPAKLTIAGDSAGGGLALAILLAAKAEGVTMPACAILLSPWTDLAVTGETVRTNLDRDPMLTDSVLKDNAAFYLNGADPKNPLASPLYGDLAGLPPLMITAGDTEVLLEDSTRFAARAREHGVAVSLKIWEGMPHVWQLFQRVLPEARAAIEEAARFAKAHFST,A0A1C9T7D3,,,,,
PBAT,uncultured bacterium,Müller et al. 2017,https://doi.org/10.1128/AEM.02641-16,27940546.0,Carboxylesterase,MKKVIVFLVFMLFCTATYAQKVSKVVFFGDSLTDNGNLFRLVELIPKTPPYYQGRFSNGPTWAENLGEYFVKTNGAKYEIYAYAGATAAAHNIFETLAPTLLVDQVARYLETNPSDDKSKVLFVFWIGANDYLFLPTGNADELTTAAIQKTANGITTLLDQGAQNFLILDLPDLSKTPFAADLNMVSQMGSFTILHNQKLASLVDKMQKEHPQAQLMLFQLLQFSELIENPAKYNAKYHLNLSNTRAACWQGSVFDDIDTDNLANKTNKAISNPQPEVKEPILCEHPEQYVFFDHLHPTATVHQLLAALVEEAMNNRWS,A0A1C9T7G6,,,,,
PHB,Comamonas testosteroni, Kasuya et al. 1990,https://doi.org/10.1016/S0141-8130(99)00046-X,10408639.0,Poly(3-hydroxybutyrate) depolymerase,MRVQSWRSGVAALALWGGVNLAAGAAVPLGQYNIATDQISVSGLSSGGFMANQLGNAYSASFMGVGIFAAGPYMCAGLNNYTACMYNASISSAQLNAMQSSIDSYSSAASIDAKSRIAAQKIYIFTGTSDYTVGPNLTDALQTQYLNNGVPQGNIAYVKRSGAAHVLPTDFDSSGNNACSSSASPYISNCGYDGAKAALTHFYGALNPRNDAPATGNYIEFNQASYTNANPGMASTGWLYVPQSCASGTQCRLHVVLHGCQQSTDKIGDKFVRNTGFSRWADTNNIIVLYPQTQVDNNNRSTSKSGSLANPNACWDWIGWYGNNFAQKSGVQMTAIKAMIDRIASGAGSGTGGGNGGGTPTQPALAAPTGLGASAATSTSMQLDWAPVTSAAGYNVYRNGNKANALTVYATSYVDAALNPATSYSWTVRAVDGNGAESADSAAVSASTLTGSNPAGTCTTASNYAHVQANRAYQQGGYAYANGSGQNMGLWNVFYTTTLKQTGSNYYVIGTCP,,O24719,,,,
PHB,Pseudomonas stutzeri,Ohura et al. 1999,,9872779.0,Polyhydroxybutyrate depolymerase,MTKQSLPQGMADQRLCRFFTAALCSLLMLLLWPTTVTAGQTFSYTSPQQAYSGSRERSYKVYVPTGLSTPAPMVMALHGCRQTNDDVLNDWGLKAAADRYGFILVAPFITSYDGLRNENCWGFWFEQHIHQGGGEVADLHRIAQQVEANFVIDANRRFITGLSSGGAMALVAAVAYNEYWAAAAPAAGLPYRETASSVSLSGQCPGSATFRSVSQVAADMRSEVNDAYPIPLMILQNRNDCTVLQTAANNMRDAHLQVFGSASRNTPATTKASDTGCSPYHQNDYGCRHIAYTQDGTTATRSLVETVIYDGPLATPNPQDTNHGHYWIGGAQGNNGKWSLQVGPSYPDIIWDFFSRHSRDGSQPQGHPVIVLQGDNPLSVPLGSTFNDPGASASDAEDGSLPVSADCSAVNPSVVGSYSCLYSATDSDGNRSTLTRTVEVYDPNAPVETCQVVSASPSAHIGAGRAYAGGTSNLRAYAKDDGVDIGGSFDTWSNVPLYEGEPGRWYAQRPAACGGSGQAFTCQEWNASNLSHVMAGRAYYGYYTVGGNQYLGSLSGLSTWVRETAQGHFQAGRCSN,,O82950,,,,
PHB,Ralstonia pickettii,Saito et al. 1989,https://dx.doi.org/10.1128%2Fjb.171.1.184-189.1989,2644188.0,Poly(3-hydroxybutyrate) depolymerase,MVRRLWRRIAGWLAACVAILCAFPLHAATAGPGAWSSQQTWAADSVNGGNLTGYFYWPASQPTTPNGKRALVLVLHGCVQTASGDVIDNANGAGFNWKSVADQYGAVILAPNATGNVYSNHCWDYANASPSRTAGHVGVLLDLVNRFVTNSQYAIDPNQVYVAGLSSGGGMTMVLGCIAPDIFAGIGINAGPPPGTTTAQIGYVPSGFTATTAANKCNAWAGSNAGKFSTQIAGAVWGTSDYTVAQAYGPMDAAAMRLVYGGNFTQGSQVSISGGGTNTPYTDSNGKVRTHEISVSGMAHAWPAGTGGDNTNYVDATHINYPVFVMDYWVKNNLRAGSGTGQAGSAPTGLAVTATTSTSVSLSWNAVANASSYGVYRNGSKVGSATATAYTDSGLIAGTTYSYTVTAVDPTAGESQPSAAVSATTKSAFTCTATTASNYAHVQAGRAHDSGGIAYANGSNQSMGLDNLFYTSTLAQTAAGYYIVGNCP,,P12625,,,,
PBS,Pseudozyma antarctica,Watanabe et al. 2014,https://doi.org/10.1016/j.jbiosc.2014.01.007,24581837.0,Cutinase-like enzyme,MQFKSTFAALVLAAAGLVQAAPLQERAGCSSYVIINTRGTSEPQGPSVGFRTMNTRIRSAVSGGSEYDTVYPAGIDQNSAQGTANIVAQVKAGLARNPNTCFLLEGYSQGAAATCNALPQLTGAAFDAVKGVILIGNPEHKPNLACNVDGNGGKTTFSARGISAAFTQGVPSNWVSKTLDICIYGDGVCDVSSGFGITPQHLTYGYNTNVQTMGANFGIKALQG,S6BC01,,,,,
PBAT,Pseudomonas pseudoalcaligenes,Haernvall et al. 2017,https://doi.org/10.1016/j.jbiotec.2017.01.012,28237250.0,Aryl esterase,MGTLLVVGDSISAAFGLDSRQGWVALLEKRLSEEGFEHSVVNASISGDTSAGGAARLSALLAEHKPELVIIELGGNDGLRGQPPAQLQQNLASMVEQSQQAGAKVLLLGMKLPPNYGVRYTTAFAQVFTDLAEQKQVSLVPFFLEGVGGVPGMMQADGIHPAEAAQEILLDNVWPTLKPML,A0A145Z9W5,,,,,
PE,Paenibacillus sp. DK1,Bardají_ et al. 2019,https://doi.org/10.1007/s00203-019-01637-9,30815712.0,Alkane monooxygenase AlkB,YGHFYTEHNRGHHVRVATPEDPASSRLGESFWAFLPRSVWFSAVSAWNLERERLRKLGLPALHWKNAVLGAWMYSVVLWGAMIAWLGAAVIPFLIIQGIYGFSLLEVVNYVEHYGLKRQKLPNGRY,A0A3G2VUJ0,,,,,
PEG,Sphingopyxis macrogoltabida,Ohta et al. 2005,https://doi.org/10.1007/s00253-005-1936-z,15726348.0,Polyethylene glycol dehydrogenase,MCLVTLYRCTPIWVRNRGMHKFDFVVVGAGSAGCTVASRLSENGKYQVALLEAGGSHNNPLISIPFNFAFTVPKGPHNWSFETVPQEGLNGRRGYQPRGKVLGGSSSINAMVYIRGAKEDYEHWAALGNEGWSYEEVLPFFKKAQNRVKGANEYHAQGGPLTVSPPRSPNPLNDMFIKAGMDCQLPYNEDFNGETQEGIGCYELTQDRGKRCSAALAYVTPAEKRKNLTIFKQAFVEKVLVENGQATGVMVKLNGNLQLIKARREVILSCGAFQSPQLLLLSGIGAKDKLDPHKIKVVHELPGVGENLYDHVDFCLMYQSDSEHVLGKNARSVFRVAWNQFKYFAGRRGILTTNFNESGAFYFTNPDERSPDIQLHFAFTLVDQHGLKRHGRGGFGCHVCVLRPKSHGNLTLADANPATPPLIDPAFLKDERDVATLLAGVKRAQQILQAPAFDEIRGKPVYATASNNDDELIEDIRNRADTIYHPVGTCKMGPDSDPMAVVDSSLRVRGIRNLRVIDASIMPSIVSGNTNAPTIMIGEKGAQMILDEAESYT,A9ZM00,,,,,
PET,Saccharomonospora viridis,Miyakawa et al. 2015,https://doi.org/10.1007/s00253-014-6272-8,25492421.0,Cutinase,MRGSHHHHHHGSNPYERGPDPTEDSIEAIRGPFSVATERVSSFASGFGGGTIYYPRETDEGTFGAVAVAPGFTASQGSMSWYGERVASQGFIVFTIDTNTRLDQPGQRGRQLLAALDYLVERSDRKVRERLDPNRLAVMGHSMGGGGSLEATVMRPSLKASIPLTPWNLDKTWGQVQVPTFIIGAELDTIAPVRTHAKPFYESLPSSLPKAYMELDGATHFAPNIPNTTIAKYVISWLKRFVDEDTRYSQFLCPNPTDRAIEEYRSTCPYKLN,W0TJ64,,,,,
PET,Thermobifida cellulosilytica,Herrero-Acero et al. 2011,https://doi.org/10.1021/ma200949p,,Cutinase,MANPYERGPNPTDALLEASSGPFSVSEENVSRLSASGFGGGTIYYPRENNTYGAVAISPGYTGTEASIAWLGERIASHGFVVITIDTITTLDQPDSRAEQLNAALNHMINRASSTVRSRIDSSRLAVMGHSMGGGGTLRLASQRPDLKAAIPLTPWHLNKNWSSVTVPTLIIGADLDTIAPVATHAKPFYNSLPSSISKAYLELDGATHFAPNIPNKIIGKYSVAWLKRFVDNDTRYTQFLCPGPRDGLFGEVEEYRSTCPF,E9LVH8,,,,,
PET,Ideonella sakaiensis,Yoshida et al. 2016,https://doi.org/10.1126/science.aad6359,26965627.0,PET-digesting enzyme,MGSSHHHHHHSSGLVPRGSHMRGPNPTAASLEASAGPFTVRSFTVSRPSGYGAGTVYYPTNAGGTVGAIAIVPGYTARQSSIKWWGPRLASHGFVVITIDTNSTLDQPSSRSSQQMAALRQVASLNGTSSSPIYGKVDTARMGVMGWSMGGGGSLISAANNPSLKAAAPQAPWDSSTNFSSVTVPTLIFACENDSIAPVNSSALPIYDSMSRNAKQFLEINGGSHSCANSGNSNQALIGKKGVAWMKRFMDNDTRYSTFACENPNSTRVSDFRTANCSLEDPAANKARKEAELAAATAEQ,A0A0K8P6T7,,,,,
PET,Thermobifida fusca KW3,Roth_et al. 2014,https://doi.org/10.1007/s00253-014-5672-0,24728714.0,Cutinase,GCCAACCCCTACGAGCGCGGCCCCAACCCGACCGACGCCCTGCTCGAAGCCCGCAGCGGCCCCTTCTCCGTCAGCGAGGAGAACGTCTCCCGGTTGAGCGCCAGCGGCTTCGGCGGCGGCACCATCTACTACCCGCGGGAGAACAACACCTACGGTGCGGTGGCGATCTCCCCCGGCTACACCGGCACTGAGGCTTCCATCGCCTGGCTGGGCGAGCGCATCGCCTCCCACGGCTTCGTCGTCATCACCATCGACACCATCACCACCCTCGACCAGCCGGACAGCCGGGCAGAGCAGCTCAACGCCGCGCTGAACCACATGATCAACCGGGCGTCCTCCACGGTGCGCAGCCGGATCGACAGCAGCCGACTGGCGGTCATGGGCCACTCCATGGGCGGCGGCGGCAGCCTGCGTCTGGCCTCCCAGCGTCCCGACCTGAAGGCCGCCATCCCGCTCACCCCGTGGCACCTCAACAAGAACTGGAGCAGCGTCACCGTGCCGACGCTGATCATCGGGGCCGACCTCGACACGATCGCGCCGGTCGCCACGCACGCGAAACCGTTCTACAACAGCCTGCCGAGCTCCATCAGCAAGGCCTACCTGGAGCTGGACGGCGCAACCCACTTCGCCCCGAACATCCCCAACAAGATCATCGGCAAGTACAGCGTCGCCTGGCTCAAGCGGTTCGTCGACAACGACACCCGCTACACCCAGTTCCTCTGCCCCGGACCGCGCGACGGACTCTTCGGCGAGGTCGAAGAGTACCGCTCCACCTGCCCGTTCTAG,E5BBQ3,,,,,
PET,Ideonella sakaiensis,Yoshida et al. 2016,https://doi.org/10.1126/science.aad6359,26965627.0,chlorogenate_esterase,MQTTVTTMLLASVALAACAGGGSTPLPLPQQQPPQQEPPPPPVPLASRAACEALKDGNGDMVWPNAATVVEVAAWRDAAPATASAAALPEHCEVSGAIAKRTGIDGYPYEIKFRLRMPAEWNGRFFMEGGSGTNGSLSAATGSIGGGQIASALSRNFATIATDGGHDNAVNDNPDALGTVAFGLDPQARLDMGYNSYDQVTQAGKAAVARFYGRAADKSYFIGCSEGGREGMMLSQRFPSHYDGIVAGAPGYQLPKAGISGAWTTQSLAPAAVGLDAQGVPLINKSFSDADLHLLSQAILGTCDALDGLADGIVDNYRACQAAFDPATAANPANGQALQCVGAKTADCLSPVQVTAIKRAMAGPVNSAGTPLYNRWAWDAGMSGLSGTTYNQGWRSWWLGSFNSSANNAQRVSGFSARSWLVDFATPPEPMPMTQVAARMMKFDFDIDPLKIWATSGQFTQSSMDWHGATSTDLAAFRDRGGKMILYHGMSDAAFSALDTADYYERLGAAMPGAAGFARLFLVPGMNHCSGGPGTDRFDMLTPLVAWVERGEAPDQISAWSGTPGYFGVAARTRPLCPYPQIARYKGSGDINTEANFACAAPP,A0A0K8P8E7,,,,,
PET,Thermobifida fusca DSM43793,Dresler et al. 2006 ,https://doi.org/10.1007/s00449-006-0069-9,16770590.0,AAC_BTA_hydrolase,ANPYERGPNPTDALLEASSGPFSVSEENVSRLSASGFGGGTIYYPRENNTYGAVAISPGYTGTEASIAWLGERIASHGFVVITIDTITTLDQPDSRAEQLNAALNHMINRASSTVRSRIDSSRLAVMGHSMGGGGTLRKASORPDLKAAIPLTPWHLNKNWSSVTVPTLIIGADLDTIAPVATHAKPFYNSLPSSISKAYLELDGATHFAPNIPNKIIGKYSVAWLKRFVDNDTRYTQFLCPGPRDGLFGEVEEYRSTCPF,,,,,,Q6A0I4
PU,Pseudomonas fluorescens,Vega et al. 1999,https://doi.org/10.1016/S0964-8305(98)00068-7,,polyurethane lipase A,MAITLYSYHNLDNGFAVGYQNNGLGLGLPATLVSALIGGSNAQGVIPGIPWNPDSEKPALEAVQAAGWTPISASTLGYTARSMHAAPTLAKNSATARRRPRCWASTMTLATAGNRHQFPRHFRASGKCDHRLHRRCDQRPARRLRAQGLCQELRGGGFWRVAQRLADTPLPGLGGNDVVVSGHSLGGMAVNSMADLSDSTWSGFYKDANYLAYASPTQSAGDKVLNVGYENDPVFRALDGSSFNLSSLGVHDKAHESSTDNIVSLNDHYASSLWNVLPFSILNLPTWVSHLPTGYGDGMTRILDSGFYEQMTRDSTVIVANLSDPARATTWVQDLNRNAEAHKGNTFIIGSDGDDFIKGGRGADFIEGGKGNDTIRDSSGHNTFLFSGQFGNDRVIGYQATDKLVFNDVAGSTDYRDHVKVVGGDTVIGFGTDSVTLVGVSSLSGEGIVIS,,,,,,Q9LAB9
PE,IZU-154 Deuteromycotina sp.,Matsubara et al. 1996,,8899997.0,Manganese_Peroxidase_Iz-MnP1,MAFTSLLSLVALAAVARAAPAAETAVCPDGTRVSNSACCAFIPLAQDLQATVFQNDCGEDAHEVIRLIFHDAVAISRSKGPSAGGGADGSMLLFPTVEPLFAANNGIDDSVNNLIPFLAKHPVSAADLVQFAGAVALSNCPGAPRLEFLAGRPNHTIPAIDGLVPEPQDDVTTILARFEDAGGFTPFEVVSLLASHSVARADKVDETIDAAPFDSTPFTFDTQVFLEVLLKGTGFPGLSNNTGEVASPLPKGSGNDTGEMRLQSDFALARDSRTACFWQGFVNQQEFMAASFKSAVAKLAVLGHNRDDLIDCSEVVPVPKPAVKKPASFPATTSAKDLELNCNSQKFPTLTVDQGATQSLIPHCSNGGQNCPAVQFDGPSQASS,,,,,,Iz-MnP1
PE,IZU-154 Deuteromycotina sp.,Matsubara et al. 1996,,8899997.0,Manganese_Peroxidase_Iz-MnP2,MALHLSSLLSASPRLHRAAPAAETAVCFDGTRVSNSACCAFIPLAQDLQATVFQNDCGEDAHEVIRLIFHDAWHISRSKGPSAGGGADGSMLLFPTVEPLFAANNGIDDSVNNLIPFLAKHPVSAADLVQFAGAVALSNCPGAPRLEFLDGRPNHTIPAIDGLVPEPQEDDVTTILARFEDAGGFTPFEVVSLLASHSVARADKVDETIDAAPFDSTPFTFDTQVFLEVLLKGTGFPGLSNNTGEVASPLPKGSGNDTGEMRLQSDFALARDSRTACFWQGFVNEQEFMAASFKSAVAKLAVLGHNRDDLIDCSEVVPVPKPAVNKPASFPATTSAKDLELNCNSQKFPTLTVDQGATQSLIPHCSNGGQNCPAVQFDGPSQASS,,,,,,Iz-MnP2
PLA,Amycolatopsis sp. K104-1,Nakamura et al. 2001 ,https://doi.org/10.1128/aem.67.1.345-353.2001,11133465.0,poly(L-lacticacid)depolymerase,MKFGKFVLLAASTALAVVGLGGPAAADSTPQAQPSIIGGSNATSGPWAARLFVNGRQNCTATIIAPQYILTAKHCVSSSGTYTFRIGSLDQTSGGTMATGSTITRYPGSADLAIVRLTTSVNATYSPLGSVGDVSVGQNVSVYGWGATSQCGSEINCQSRYLKVATVRVNSISCSDYTGGVAVCANRVNGITAGGDSGGPMFASGRQVGVASTSDRVNNTAYTNITRYRSWISQVAGV,,,,,,Q75UA4
PLA,Amycolatopsis sp. K104-1,Matsuda et al. 2005  ,https://doi.org/10.1128/jb.187.21.7333-7340.2005,16237016.0,poly(L-lacticacid)depolymeraseC,MRMSRAVGAIGAAAAALSLVSAGVADAQQDIIGGTTVSSAPWGAQIYWDNVTTYGGFECSGTIIAPQWVLTARHCLNSPGMNVKVGNVALQQGKSADVDQQKASPNGDIALLHLTTAVSTTYMKLGTGNPPTGATNQIYGWGRTQGSSPPSSTLKTANVRVTGLSTDAFGGRAIASQGINGSAWHGDSGGPQLYNGAQVGVCSTGSNSGSNTQGTQNYASIASSRDWIRSTAGV,A7VL36,,,,,
PLA,Amycolatopsis sp. K104-1,Matsuda et al. 2005  ,https://doi.org/10.1128/jb.187.21.7333-7340.2005,16237016.0,poly(L-lacticacid)depolymeraseB,MTSLRLLGAASAAAVALTLAGGAVASAGVQPNIVGGSTAPTVSWGAQVYVNTPGRDYQGFNCSGTVIASRWVLTAVHCLDQDGSGMYVRVGSNTLLSGTKIAVDGEYESPNGDIALLHLASATSASPISLGSSDPATGSTNQIYGWGRTTPTGPPATSLKTANVQVTGRSTDAYGGRAIQSVGINGSAWKGDSGGPEVANGVQVGVASTVQNQSGSNTRGTNNYASVAASRSWIRTTSGV,A7VL35,,,,,
PS,Sphingopyxis_fribergensis,Oelschlägel et al. 2014,https://doi.org/10.1099/mic.0.080259-0,25187627.0,styrene_oxide_isomerase,MRRDVMATLAAQPAAGGVDAAPDVERERAALRKMMIGNGVLMIFAALVGGLGLWMYLIGGFIPIFPGFHWDFQLPGTAEGWARAHTGPVLNGLMVITVAFCLPLLSFTPKWARIWGLIVVLDGWSNTGFYFFGNFAPNRGLNFTANRFGEANIFSFLALAPAYLFGVLVMIALFAIGIQALRDARH,A0A076K0M9,,,,,
PS,Rhodococcus_sp._5.3_2_1,Oelschlägel et al. 2014  ,https://doi.org/10.1099/mic.0.080259-0,25187627.0,styrene_oxide_isomerase,MKTLERKIYGHGVLMILSTLIFGLFLWMNLVGGFEIVPGYIINFNIPGTAEGWAKAHVGPALNGMMVIAIGLVLPKLAFPLKTAKKLGYIIVLDGWGNVCFYFFSNFAPSRGLSFGSNRLGETNIFGVLALAPAYVFGVLAIGALAIIGFKALRQTDAEDRAIESANA,A0A076JZD2,,,,,
PS,Rhodococcus opacus,Oelschlägel et al. 2012  ,https://doi.org/10.1128/aem.07641-11,22504818.0,styrene_oxide_isomerase,METLQRKMAGHGILMIFSTLIAGLVLWAKLLGGWEVRPGKIVKFDVPGTDEGWARAHTGPALNGMMVIAAASVMPHTGLPAKTAKRLGWIVVADGWANVLFYFASNFTENRSLSFGPNKHGKQNIFSTIGLLPAYVFGVLVTIAMPIIGWKALKNNTATNKILEKI,A0A076JZC7,,,,,
PS,Pseudomonas fluorescens,Beltrametti et al. 1997,,9172343.0,Styrene_oxide_isomerase,MLHAFERKMAGHGILMIFCTLLFGVGLWMHLVGGFEIIPGYILEFHVPGSPEGWARAHSGPALNGMMVIAVAFVLPSLGFADKKPHLLGNIIILDGWANVGFYFFSNFSPNRGLTFGPNHFGPGDIFSFLALAPAYLFGVLAMGALAVIGYQALKSVGSRKAVPHATAE,,O06836,,,,
