category,sequence,degradation,ref
PET,MKFSIISTLLAATASALPAGQDAAALEARQLGGSITRNDLANGNSGSCPGVIFIYARGSTESGNLGTLGPRVASKLEAKYGKNGVWIQGVGGAYRATLGDNALPRGTSSAAIREMLGHFSDANQKCPDAVLIAGGYSQGAALAAASVTDVDAGIREKIAGVVLFGYTKNLQNRGKIPSYPEDRTKVFCNTGDLVCTGSLIVAAPHLAYQSAASGAAPEFLIQKADAAGAA,1,https://doi.org/10.1016/j.bbagen.2015.08.009 
PCL,MKFSIISTLLAATASALPAGQDAAALEARQLGGSITRNDLANGNSGSCPGVIFIYARGSTESGNLGTLGPRVASKLEAKYGKNGVWIQGVGGAYRATLGDNALPRGTSSAAIREMLGHFSDANQKCPDAVLIAGGYSQGAALAAASVTDVDAGIREKIAGVVLFGYTKNLQNRGKIPSYPEDRTKVFCNTGDLVCTGSLIVAAPHLAYQSAASGAAPEFLIQKADAAGAA,1,https://doi.org/10.1016/j.bbagen.2015.08.009 
PHB,MAFNFIRAAAAGAAMALCGVGSVHAAVNLPALKIDKTQTTVSGLSSGGFMAVQLHVAYSATFAKGAGVVAGGPFYCAEGSIVNATGRCMASPAGIPTSTLVSTTNTWASQGVIDPVANLQNSKVYLFSGTLDSVVKTGVMDALRTYYNSFVPAANVVYKKDIAAEHAMVTDDYGNACSTKGAPYISDCNFDLAGAMLQHLYGTLNARNNATLPTGNYIEFNQSEFITNHGMATTGWAYVPQACQAGGTATCKLHVVLHGCKQNIGDVQQQYVRNTGYNRWADTNNIVMLYPQTSTAATNSCWDWWGYDSANYSKKSGPQMAAIKAMVDRVSSGTGGTTPPDPVALPAPTGVSTSGATASSMAIGWAAVMGAASYNVYRNANKVNALPVTATSYTDTGLAASTTYSWTVRAADANGAEGATSAAASGTTLAASGGGTATCTTASNYAHTLAGRAYAAGGYTYALGSNQNMGLWNVFVTNTLKQTSTNYYVIGTCP,1,https://doi.org/10.1128/aem.63.12.4844-4852.1997
PCL,MYFTDESSPAMNRVGKKRNRLSFVCQACRKAKTKCDQEKPRCGRCTKQNLFCIYDVARQAAPRNPNKDATIARLKKEIRYWRNKTVDLTQEKKDFYTALKRPTEELAARRTCKSLQENSFPISLYKTHPRLIMTKVMKREINPLSEKYLIFQDTFLKTLIASVLLSCSRNSMIPALNADISRSRTQPCVKNNVVKMREVLLKNSKYESQRKSINEFTDRLLQRKNPEEQIAVNKVISLLYSNRESSYLEDTCPTENDYSDLLKGYINEIEKTLPPKAIIEQYLSHFFEHIFHLIPFASKEMLEESIHTTVQYNELGEVRLSMGTTLIRNKMENLCILLLILRIAYISLTFIEDKIEDYSPYITKEMLEQYPIQSEVIFLAQQILASENWCACANENTISCLLYIWCAFVFSPTEGDFLLEQPSDVIINLVILIGTSIGLHRDPSDFPALNHPEASDKRLLNLRRIQWLSIISMATLESSLKGRLLVSPLSMIDLFIDVRDPNCVEIYKKRVKKDLTGSESDEQLLEIHEIFFHRAQLALFLSDLNNITISYSGSVPMDTLETLRVKANELLKNKFQLRSVDINIYDEEKTFQKLTFNSILNSISLSGQILGKLMMLRASIALMLYFETLAMERSECLSFFYKYFFQCCADTISLIRFFFLYFNGSYEKVLSSLVCFITTKVIQLAVPTTMFTLLVIIMRVELAKNMLLVKCNECNARGDISDLPEIKEKIKSLDTIKENFERLLLEVYLLASQNLRFKYFYIFKMLTLFDVFIQRLRKGQLFSGLFVKVDKDLTTKKIATMLELTLGINLDKSDHLIDRLKGKNLTVNFTLDQLYQIIKEFDRIKNIGVADPQNSLNPSKPNMKDNTPTIELLLNSSVENESVPPYSSSNDPTNVGNASTYSLAHNISNQNNEENMPPSIGSSESNRAAPNLNFMPINNNYNNSGSNINNNDNVKLPSNFKNYYDPPMSSLDISMDVPDIFGSLDFFDYDLLFQND,1,https://doi.org/10.1021/ja9046697 
PCL,MKFFALTTLLAATASALPTSNPAQELEARQLGRTTRDDLINGNSASCRDVIFIYARGSTETGNLGTLGPSIASNLESAFGKDGVWIQGVGGAYRATLGDNALPRGTSSAAIREMLGLFQQANTKCPDATLIAGGYSQGAALAAASIEDLDSAIRDKIAGTVLFGYTKNLQNRGRIPNYPADRTKVFCNTGDLVCTGSLIVAAPHLAYGPDARGPAPEFLIEKVRAVRGSA,1,https://doi.org/10.1021/ja9046697 
PET,SNPYQRGPNPTRSALTADGPFSVATYTVSRLSVSGFGGGVIYYPTGTSLTFGGIAMSPGYTADASSLAWLGRRLASHGFVVLVINTNSRFDYPDSRASQLSAALNYLRTSSPSAVRARLDANRLAVAGHSMGGGGTLRIAEQNPSLKAAVPLTPWHTDKTFNTSVPVLIVGAEADTVAPVSQHAIPFYQNLPSTTPKVYVELDNASHFAPNSNNAAISVYTISWMKLWVDNDTRYRQFLCNVNDPALSDFRTNNRHCQLEHHHHHH,1,https://doi.org/10.1038/s41586-020-2149-4 
PET,MANPYERGPNPTDALLEASSGPFSVSEENVSRLSASGFGGGTIYYPRENNTYGAVAISPGYTGTEASIAWLGERIASHGFVVITIDTITTLDQPDSRAEQLNAALNHMINRASSTVRSRIDSSRLAVMGHSMGGGGTLRLASQRPDLKAAIPLTPWHLNKNWSSVTVPTLIIGADLDTIAPVATHAKPFYNSLPSSISKAYLELDGATHFAPNIPNKIIGKYSVAWLKRFVDNDTRYTQFLCPGPRDGLFGEVEEYRSTCPFLEHHHHHH,1,https://doi.org/10.1038/s41586-020-2149-4 
PET,MANPYERGPNPTDALLEARSGPFSVSEERASRFGADGFGGGTIYYPRENNTYGAVAISPGYTGTQASVAWLGKRIASHGFVVITIDTNTTLDQPDSRARQLNAALDYMINDASSAVRSRIDSSRLAVMGHSMGGGGSLRLASQRPDLKAAIPLTPWHLNKNWSSVRVPTLIIGADLDTIAPVLTHARPFYNSLPTSISKAYLELDGATHFAPNIPNKIIGKYSVAWLKRFVDNDTRYTQFLCPGPRDGLFGEVEEYRSTCPFLEHHHHHH,1,https://doi.org/10.1038/s41586-020-2149-4 
PET,MKQSTIALALLPLLFTPVTKAAPTSNPAQELEARQLGRTTRDDLINGNSASCADVIFIYARGSTETGNLGTLGPSIASNLESAFGKDGVWIQGVGGAYRATLGDNALPRGTSSAAIREMLGLFQQANTKCPDATLIAGGYSQGAALAAASIEDLDSAIRDKIAGTVLFGYTKNLQNRGRIPNYPADRTKVFCNTGDLVCTGSLIVAAPHLAYGPDARGPAPEFLIEKVRAVRGSALEHHHHHH,1,https://doi.org/10.1038/s41586-020-2149-4
PET,MQTNPYARGPNPTAASLEASAGPFTVRSFTVSRPSGYGAGTVYYPTNAGGTVGAIAIVPGYTARQSSIKWWGPRLASHGFVVITIDTNSTLDQPSSRSSQQMAALRQVASLNGTSSSPIYGKVDTARMGVMGWSMGGGGSLISAANNPSLKAAAPQAPWDSSTNFSSVTVPTLIFACENDSIAPVNSSALPIYDSMSRNAKQFLEINGGSHSCANSGNSNQALIGKKGVAWMKRFMDNDTRYSTFACENPNSTRVSDFRTANCSLEHHHHHH,1,https://doi.org/10.1038/s41586-020-2149-4
PET,MDGVLWRVRTAALMAALLALAAWALVWASPSVEAQSNPYQRGPNPTRSALTADGPFSVATYTVSRLSVSGFGGGVIYYPTGTSLTFGGIAMSPGYMADASSLAWLGRRLASHGFVVLVINTNSRFDYPDSRASQLSAALNYLRTSSPSAVRARLDANRLAVAGHSMGGGGTLRIAEQNPSLKAAVPLTPWHTDKTFNTSVPVLIVGAEADTVAPVSQHAIPFYQNLPSTTPKVYVELDNASHFAPNSNNAAISVYTISWMKLWVDNDTRYRQFLCNVNDPALSDFRTNNRHCQ,1,https://doi.org/10.1038/s41586-020-2149-4
PET,MDGVLWRVRTAALMAALLALAAWALVWASPSVEAQSNPYQRGPNPTRSALTADGPFSVATYTVSRLSVSGFGGGVIYYPTGTSLTFGGIAMSPGYTADASSLAWLGRRLASHGFVVLVINTNSRFDGPDSRASQLSAALNYLRTSSPSAVRARLDANRLAVAGHSMGGGGTLRIAEQNPSLKAAVPLTPWHTDKTFNTSVPVLIVGAEADTVAPVSQHAIPFYQNLPSTTPKVYVELDNASHFAPNSNNAAISVYTISWMKLWVDNDTRYRQFLCNVNDPALSDFRTNNRHCQ,1,https://doi.org/10.1038/s41586-020-2149-4
PET,MDGVLWRVRTAALMAALLALAAWALVWASPSVEAQSNPYQRGPNPTRSALTADGPFSVATYTVSRLSVSGFGGGVIYYPTGTSLTFGGIAMSPGYTADASSLAWLGRRLASHGFVVLVINTNSRFDYPDSRASQLSAALNYLRTSSPSAVRARLDANRLAVAGHSMGGGGTLRIAEQNPSLKAAVPLTPWHTDKTFNTSVPVLIVGAEADTVAPVSQHAIPFYQNLPSTTPKVYVELDNASHIAPNSNNAAISVYTISWMKLWVDNDTRYRQFLCNVNDPALSDFRTNNRHCQ,1,https://doi.org/10.1038/s41586-020-2149-4
PET,MDGVLWRVRTAALMAALLALAAWALVWASPSVEAQSNPYQRGPNPTRSALTADGPFSVATYTVSRLSVSGFGGGVIYYPTGTSLTFGGIAMSPGYTADASSLAWLGRRLASHGFVVLVINTNSRFDYPDSRASQLSAALNYLRTSSPSAVRARLDANRLAVAGHSMGGGGTLRIAEQNPSLKAAVPLTPWHTDKTFNTSVPVLIVGAEADTVAPVSQHAIPFYQNLPSTTPKVYVELDNASHWAPNSNNAAISVYTISWMKLWVDNDTRYRQFLCNVNDPALSDFRTNNRHCQ,1,https://doi.org/10.1038/s41586-020-2149-4
PET,MDGVLWRVRTAALMAALLALAAWALVWASPSVEAQSNPYQRGPNPTRSALTADGPFSVATYTVSRLSVSGFGGGVIYYPTGTSLTFGGIAMSPGYTADASSLAWLGRRLASHGFVVLVINTNSRFDYPDSRASQLSAALNYLRTSSPSAVRARLDANRLAVAGHSMGGGGTLRIAEQNPSLKAAVPLTPWHTDKTFNTSVPVLIVGAEADTVAPVSQHAIPFYQNLPSTTPKVYVELDNASHFAPDSNNAAISVYTISWMKLWVDNDTRYRQFLCNVNDPALSDFRTNNRHCQ,1,https://doi.org/10.1038/s41586-020-2149-4
PET,MDGVLWRVRTAALMAALLALAAWALVWASPSVEAQSNPYQRGPNPTRSALTADGPFSVATYTVSRLSVSGFGGGVIYYPTGTSLTFGGIAMSPGYTADASSLAWLGRRLASHGFVVLVINTNSRFDYPDSRASQLSAALNYLRTSSPSAVRARLDANRLAVAGHSMGGGGTLRIAEQNPSLKAAVPLTPWHTDKTFNTSVPVLIVGAEADTVAPVSQHAIPFYQNLPSTTPKVYVELDNASHFAPMSNNAAISVYTISWMKLWVDNDTRYRQFLCNVNDPALSDFRTNNRHCQ,1,https://doi.org/10.1038/s41586-020-2149-4
PET,MDGVLWRVRTAALMAALLALAAWALVWASPSVEAQSNPYQRGPNPTRSALTADGPFSVATYTVSRLSVSGFGGGVIYYPTGTSLTFGGIAMSPGYTADASSLAWLGRRLASHGFVVLVINTNSRFDYPDSRASQLSAALNYLRTSSPSAVRARLDANRLAVAGHSMGGGGTLRIAEQNPSLKAAVPLTPWHTDKTFNTSVPVLIVGAEADTVAPVSQHAIPFYQNLPSTTPKVYVELCNASHFAPNSNNAAISVYTISWMKLWVDNDTRYRQFLCNVNDPALCDFRTNNRHCQ,1,https://doi.org/10.1038/s41586-020-2149-4
PET,MDGVLWRVRTAALMAALLALAAWALVWASPSVEAQSNPYQRGPNPTRSALTADGPFSVATYTVSRLSVSGFGGGVIYYPTGTSLTFGGIAMSPGYTADASSLAWLGRRLASHGFVVLVINTNSRFDYPDSRASQLSAALNYLRTSSPSAVRARLDANRLAVAGHSMGGGGTLRIAEQNPSLKAAVPLTPWHTDKTFNTSVPVLIVGAEADTVAPVSQHAIPFYQNLPSTTPKVYVELCNASHIAPNSNNAAISVYTISWMKLWVDNDTRYRQFLCNVNDPALCDFRTNNRHCQ,1,https://doi.org/10.1038/s41586-020-2149-4
PET,MDGVLWRVRTAALMAALLALAAWALVWASPSVEAQSNPYQRGPNPTRSALTADGPFSVATYTVSRLSVSGFGGGVIYYPTGTSLTFGGIAMSPGYTADASSLAWLGRRLASHGFVVLVINTNSRFDYPDSRASQLSAALNYLRTSSPSAVRARLDANRLAVAGHSMGGGGTLRIAEQNPSLKAAVPLTPWHTDKTFNTSVPVLIVGAEADTVAPVSQHAIPFYQNLPSTTPKVYVELCNASHWAPNSNNAAISVYTISWMKLWVDNDTRYRQFLCNVNDPALCDFRTNNRHCQ,1,https://doi.org/10.1038/s41586-020-2149-4
PET,MDGVLWRVRTAALMAALLALAAWALVWASPSVEAQSNPYQRGPNPTRSALTADGPFSVATYTVSRLSVSGFGGGVIYYPTGTSLTFGGIAMSPGYMADASSLAWLGRRLASHGFVVLVINTNSRFDYPDSRASQLSAALNYLRTSSPSAVRARLDANRLAVAGHSMGGGGTLRIAEQNPSLKAAVPLTPWHTDKTFNTSVPVLIVGAEADTVAPVSQHAIPFYQNLPSTTPKVYVELCNASHIAPNSNNAAISVYTISWMKLWVDNDTRYRQFLCNVNDPALCDFRTNNRHCQ,1,https://doi.org/10.1038/s41586-020-2149-4
PET,MDGVLWRVRTAALMAALLALAAWALVWASPSVEAQSNPYQRGPNPTRSALTADGPFSVATYTVSRLSVSGFGGGVIYYPTGTSLTFGGIAMSPGYTADASSLAWLGRRLASHGFVVLVINTNSRFDGPDSRASQLSAALNYLRTSSPSAVRARLDANRLAVAGHSMGGGGTLRIAEQNPSLKAAVPLTPWHTDKTFNTSVPVLIVGAEADTVAPVSQHAIPFYQNLPSTTPKVYVELCNASHIAPNSNNAAISVYTISWMKLWVDNDTRYRQFLCNVNDPALCDFRTNNRHCQ,1,https://doi.org/10.1038/s41586-020-2149-4
PET,MDGVLWRVRTAALMAALLALAAWALVWASPSVEAQSNPYQRGPNPTRSALTADGPFSVATYTVSRLSVSGFGGGVIYYPTGTSLTFGGIAMSPGYTADASSLAWLGRRLASHGFVVLVINTNSRFDYPDSRASQLSAALNYLRTSSPSAVRARLDANRLAVAGHSMGGGGTLRIAEQNPSLKAAVPLTPWHTDKTFNTSVPVLIVGAEADTVAPVSQHAIPFYQNLPSTTPKVYVELCNASHIAPDSNNAAISVYTISWMKLWVDNDTRYRQFLCNVNDPALCDFRTNNRHCQ,1,https://doi.org/10.1038/s41586-020-2149-4
PET,MDGVLWRVRTAALMAALLALAAWALVWASPSVEAQSNPYQRGPNPTRSALTADGPFSVATYTVSRLSVSGFGGGVIYYPTGTSLTFGGIAMSPGYTADASSLAWLGRRLASHGFVVLVINTNSRFDYPDSRASQLSAALNYLRTSSPSAVRARLDANRLAVAGHSMGGGGTLRIAEQNPSLKAAVPLTPWHTDKTFNTSVPVLIVGAEADTVAPVSQHAIPFYQNLPSTTPKVYVELCNASHIAPMSNNAAISVYTISWMKLWVDNDTRYRQFLCNVNDPALCDFRTNNRHCQ,1,https://doi.org/10.1038/s41586-020-2149-4
PET,MDGVLWRVRTAALMAALLALAAWALVWASPSVEAQSNPYQRGPNPTRSALTADGPFSVATYTVSRLSVSGFGGGVIYYPTGTSLTFGGIAMSPGYMADASSLAWLGRRLASHGFVVLVINTNSRFDYPDSRASQLSAALNYLRTSSPSAVRARLDANRLAVAGHSMGGGGTLRIAEQNPSLKAAVPLTPWHTDKTFNTSVPVLIVGAEADTVAPVSQHAIPFYQNLPSTTPKVYVELCNASHWAPNSNNAAISVYTISWMKLWVDNDTRYRQFLCNVNDPALCDFRTNNRHCQ,1,https://doi.org/10.1038/s41586-020-2149-4
PET,MDGVLWRVRTAALMAALLALAAWALVWASPSVEAQSNPYQRGPNPTRSALTADGPFSVATYTVSRLSVSGFGGGVIYYPTGTSLTFGGIAMSPGYTADASSLAWLGRRLASHGFVVLVINTNSRFDGPDSRASQLSAALNYLRTSSPSAVRARLDANRLAVAGHSMGGGGTLRIAEQNPSLKAAVPLTPWHTDKTFNTSVPVLIVGAEADTVAPVSQHAIPFYQNLPSTTPKVYVELCNASHWAPNSNNAAISVYTISWMKLWVDNDTRYRQFLCNVNDPALCDFRTNNRHCQ,1,https://doi.org/10.1038/s41586-020-2149-4
PET,MDGVLWRVRTAALMAALLALAAWALVWASPSVEAQSNPYQRGPNPTRSALTADGPFSVATYTVSRLSVSGFGGGVIYYPTGTSLTFGGIAMSPGYTADASSLAWLGRRLASHGFVVLVINTNSRFDYPDSRASQLSAALNYLRTSSPSAVRARLDANRLAVAGHSMGGGGTLRIAEQNPSLKAAVPLTPWHTDKTFNTSVPVLIVGAEADTVAPVSQHAIPFYQNLPSTTPKVYVELCNASHWAPDSNNAAISVYTISWMKLWVDNDTRYRQFLCNVNDPALCDFRTNNRHCQ,1,https://doi.org/10.1038/s41586-020-2149-4
PET,MDGVLWRVRTAALMAALLALAAWALVWASPSVEAQSNPYQRGPNPTRSALTADGPFSVATYTVSRLSVSGFGGGVIYYPTGTSLTFGGIAMSPGYTADASSLAWLGRRLASHGFVVLVINTNSRFDYPDSRASQLSAALNYLRTSSPSAVRARLDANRLAVAGHSMGGGGTLRIAEQNPSLKAAVPLTPWHTDKTFNTSVPVLIVGAEADTVAPVSQHAIPFYQNLPSTTPKVYVELCNASHWAPMSNNAAISVYTISWMKLWVDNDTRYRQFLCNVNDPALCDFRTNNRHCQ,1,https://doi.org/10.1038/s41586-020-2149-4
PET,MNFPRASRLMQAAVLGGLMAVSAAATAQTNPYARGPNPTAASLEASAGPFTVRSFTVSRPSGYGAGTVYYPTNAGGTVGAIAIVPGYTARQSSIKWWGPRLASHGFVVITIDTNSTLDQPSSRSSQQMAALRQVASLNGTSSSPIYGKVDTARMGVMGWSMGGGGSLISAANNPSLKAAAPQAPWDSSTNFSSVTVPTLIFACENDSIAPVNSSALPIYDSMSRNAKQFLEINGGSHSCANSGNSNQALIGKKGVAWMKRFMDNDTRYSTFACENPNSTRVSDFRTANCS,1,https://doi.org/10.1073/pnas.1718804115 
PET,MNFPRASRLMQAAVLGGLMAVSAAATAQTNPYARGPNPTAASLEASAGPFTVRSFTVSRPSGYGAGTVYYPTNAGGTVGAIAIVPGYTARQSSIKWWGPRLASHGFVVITIDTNSTLDQPSSRSSQQMAALRQVASLNGTSSSPIYGKVDTARMGVMGHSMGGGGSLISAANNPSLKAAAPQAPWDSSTNFSSVTVPTLIFACENDSIAPVNSSALPIYDSMSRNAKQFLEINGGSHFCANSGNSNQALIGKKGVAWMKRFMDNDTRYSTFACENPNSTRVSDFRTANCS,1,https://doi.org/10.1073/pnas.1718804115 
PET,MNFPRASRLMQAAVLGGLMAVSAAATAQTNPYARGPNPTAASLEASAGPFTVRSFTVSRPSGYGAGTVYYPTNAGGTVGAIAIVPGYTARQSSIKWWGPRLASHGFVVITIDTNSTLDQPSSRSSQQMAALRQVASLNGTSSSPIYGKVDTARMGVMGWSMGGGGSLISAANNPSLKAAAPQAPADSSTNFSSVTVPTLIFACENDSIAPVNSSALPIYDSMSRNAKQFLEINGGSHSCANSGNSNQALIGKKGVAWMKRFMDNDTRYSTFACENPNSTRVSDFRTANCS,1,https://doi.org/10.1073/pnas.1718804115 
PEF,MNFPRASRLMQAAVLGGLMAVSAAATAQTNPYARGPNPTAASLEASAGPFTVRSFTVSRPSGYGAGTVYYPTNAGGTVGAIAIVPGYTARQSSIKWWGPRLASHGFVVITIDTNSTLDQPSSRSSQQMAALRQVASLNGTSSSPIYGKVDTARMGVMGWSMGGGGSLISAANNPSLKAAAPQAPWDSSTNFSSVTVPTLIFACENDSIAPVNSSALPIYDSMSRNAKQFLEINGGSHSCANSGNSNQALIGKKGVAWMKRFMDNDTRYSTFACENPNSTRVSDFRTANCS,1,https://doi.org/10.1073/pnas.1718804115
PEF,MNFPRASRLMQAAVLGGLMAVSAAATAQTNPYARGPNPTAASLEASAGPFTVRSFTVSRPSGYGAGTVYYPTNAGGTVGAIAIVPGYTARQSSIKWWGPRLASHGFVVITIDTNSTLDQPSSRSSQQMAALRQVASLNGTSSSPIYGKVDTARMGVMGHSMGGGGSLISAANNPSLKAAAPQAPWDSSTNFSSVTVPTLIFACENDSIAPVNSSALPIYDSMSRNAKQFLEINGGSHFCANSGNSNQALIGKKGVAWMKRFMDNDTRYSTFACENPNSTRVSDFRTANCS,1,https://doi.org/10.1073/pnas.1718804115
PEF,MNFPRASRLMQAAVLGGLMAVSAAATAQTNPYARGPNPTAASLEASAGPFTVRSFTVSRPSGYGAGTVYYPTNAGGTVGAIAIVPGYTARQSSIKWWGPRLASHGFVVITIDTNSTLDQPSSRSSQQMAALRQVASLNGTSSSPIYGKVDTARMGVMGWSMGGGGSLISAANNPSLKAAAPQAPADSSTNFSSVTVPTLIFACENDSIAPVNSSALPIYDSMSRNAKQFLEINGGSHSCANSGNSNQALIGKKGVAWMKRFMDNDTRYSTFACENPNSTRVSDFRTANCS,1,https://doi.org/10.1073/pnas.1718804115
PBS,MNFPRASRLMQAAVLGGLMAVSAAATAQTNPYARGPNPTAASLEASAGPFTVRSFTVSRPSGYGAGTVYYPTNAGGTVGAIAIVPGYTARQSSIKWWGPRLASHGFVVITIDTNSTLDQPSSRSSQQMAALRQVASLNGTSSSPIYGKVDTARMGVMGWSMGGGGSLISAANNPSLKAAAPQAPWDSSTNFSSVTVPTLIFACENDSIAPVNSSALPIYDSMSRNAKQFLEINGGSHSCANSGNSNQALIGKKGVAWMKRFMDNDTRYSTFACENPNSTRVSDFRTANCS,0,https://doi.org/10.1073/pnas.1718804115
PLA,MNFPRASRLMQAAVLGGLMAVSAAATAQTNPYARGPNPTAASLEASAGPFTVRSFTVSRPSGYGAGTVYYPTNAGGTVGAIAIVPGYTARQSSIKWWGPRLASHGFVVITIDTNSTLDQPSSRSSQQMAALRQVASLNGTSSSPIYGKVDTARMGVMGWSMGGGGSLISAANNPSLKAAAPQAPWDSSTNFSSVTVPTLIFACENDSIAPVNSSALPIYDSMSRNAKQFLEINGGSHSCANSGNSNQALIGKKGVAWMKRFMDNDTRYSTFACENPNSTRVSDFRTANCS,0,https://doi.org/10.1073/pnas.1718804115
PET,ANPYERGPNPTDALLEASSGPFSVSEENVSRLSASGFGGGTIYYPRENNTYGAVAISPGYTGTEASIAWLGERIASHGFVVITIDTITTLDQPDSRAEQLNAALNHMINRASSTVRSRIDSSRLAVMGHSMGGGGTLRKASQRPDLKAAIPLTPWHLNKNWSSVTVPTLIIGADLDTIAPVATHAKPFYNSLPSSISKAYLELDGATHFAPNIPNKIIGKYSVAWLKRFVDNDTRYTQFLCPGPRDGLFGEVEEYRSTCPF,1,https://doi.org/10.1126/science.aad6359 
PET,MDGVLWRVRTAALMAALLALAAWALVWASPSVEAQSNPYQRGPNPTRSALTADGPFSVATYTVSRLSVSGFGGGVIYYPTGTSLTFGGIAMSPGYTADASSLAWLGRRLASHGFVVLVINTNSRFDYPDSRASQLSAALNYLRTSSPSAVRARLDANRLAVAGHSMGGGGTLRIAEQNPSLKAAVPLTPWHTDKTFNTSVPVLIVGAEADTVAPVSQHAIPFYQNLPSTTPKVYVELDNASHFAPNSNNAAISVYTISWMKLWVDNDTRYRQFLCNVNDPALSDFRTNNRHCQ,1,https://doi.org/10.1126/science.aad6359 
PET,MKFFALTTLLAATASALPTSNPAQELEARQLGRTTRDDLINGNSASCRDVIFIYARGSTETGNLGTLGPSIASNLESAFGKDGVWIQGVGGAYRATLGDNALPRGTSSAAIREMLGLFQQANTKCPDATLIAGGYSQGAALAAASIEDLDSAIRDKIAGTVLFGYTKNLQNRGRIPNYPADRTKVFCNTGDLVCTGSLIVAAPHLAYGPDARGPAPEFLIEKVRAVRGSA,1,https://doi.org/10.1126/science.aad6359 
PET,MQTTVTTMLLASVALAACAGGGSTPLPLPQQQPPQQEPPPPPVPLASRAACEALKDGNGDMVWPNAATVVEVAAWRDAAPATASAAALPEHCEVSGAIAKRTGIDGYPYEIKFRLRMPAEWNGRFFMEGGSGTNGSLSAATGSIGGGQIASALSRNFATIATDGGHDNAVNDNPDALGTVAFGLDPQARLDMGYNSYDQVTQAGKAAVARFYGRAADKSYFIGCSEGGREGMMLSQRFPSHYDGIVAGAPGYQLPKAGISGAWTTQSLAPAAVGLDAQGVPLINKSFSDADLHLLSQAILGTCDALDGLADGIVDNYRACQAAFDPATAANPANGQALQCVGAKTADCLSPVQVTAIKRAMAGPVNSAGTPLYNRWAWDAGMSGLSGTTYNQGWRSWWLGSFNSSANNAQRVSGFSARSWLVDFATPPEPMPMTQVAARMMKFDFDIDPLKIWATSGQFTQSSMDWHGATSTDLAAFRDRGGKMILYHGMSDAAFSALDTADYYERLGAAMPGAAGFARLFLVPGMNHCSGGPGTDRFDMLTPLVAWVERGEAPDQISAWSGTPGYFGVAARTRPLCPYPQIARYKGSGDINTEANFACAAPP,0,https://doi.org/10.1126/science.aad6359 
PET,MDGVLWRVRTAALMAALLALAAWALVWASPSVEAQSNPYQRGPNPTRSALTADGPFSVATYTVSRLSVSGFGGGVIYYPTGTSLTFGGIAMSPGYTADASSLAWLGRRLASHGFVVLVINTNSRFDYPDSRASQLSAALNYLRTSSPSAVRARLDANRLAVAGHAMGGGGTLRIAEQNPSLKAAVPLTPWHTDKTFNTSVPVLIVGAEADTVAPVSQHAIPFYQNLPSTTPKVYVELDNASHFAPNSNNAAISVYTISWMKLWVDNDTRYRQFLCNVNDPALSDFRTNNRHCQ,0,https://doi.org/10.1128/AEM.06725-11 
PCL,MDGVLWRVRTAALMAALLALAAWALVWASPSVEAQSNPYQRGPNPTRSALTADGPFSVATYTVSRLSVSGFGGGVIYYPTGTSLTFGGIAMSPGYTADASSLAWLGRRLASHGFVVLVINTNSRFDYPDSRASQLSAALNYLRTSSPSAVRARLDANRLAVAGHSMGGGGTLRIAEQNPSLKAAVPLTPWHTDKTFNTSVPVLIVGAEADTVAPVSQHAIPFYQNLPSTTPKVYVELDNASHFAPNSNNAAISVYTISWMKLWVDNDTRYRQFLCNVNDPALSDFRTNNRHCQ,1,https://doi.org/10.1128/AEM.06725-11 
PCL,MDGVLWRVRTAALMAALLALAAWALVWASPSVEAQSNPYQRGPNPTRSALTADGPFSVATYTVSRLSVSGFGGGVIYYPTGTSLTFGGIAMSPGYTADASSLAWLGRRLASHGFVVLVINTNSRFDYPDSRASQLSAALNYLRTSSPSAVRARLDANRLAVAGHAMGGGGTLRIAEQNPSLKAAVPLTPWHTDKTFNTSVPVLIVGAEADTVAPVSQHAIPFYQNLPSTTPKVYVELDNASHFAPNSNNAAISVYTISWMKLWVDNDTRYRQFLCNVNDPALSDFRTNNRHCQ,0,https://doi.org/10.1128/AEM.06725-11 
PES,MKFFALTTLLAATASALPTSNPAQELEARQLGRTTRDDLINGNSASCRDVIFIYARGSTETGNLGTLGPSIASNLESAFGKDGVWIQGVGGAYRATLGDNALPRGTSSAAIREMLGLFQQANTKCPDATLIAGGYSQGAALAAASIEDLDSAIRDKIAGTVLFGYTKNLQNRGRIPNYPADRTKVFCNTGDLVCTGSLIVAAPHLAYGPDARGPAPEFLIEKVRAVRGSA,1,https://doi.org/10.1002/pola.20684 
PET,MANPYERGPNPTDALLEASSGPFSVSEENVSRLSASGFGGGTIYYPRENNTYGAVAISPGYTGTEASIAWLGGRIASHGFVVITIDTITTLDQPDSRAEQLNAALNHMINRASSTVRSRIDSSRLAVMGHSMGGGGTPRLASQRPDLKAAIPLTPWHLNKNRSSVTVPTLIIGADLDTIAPVATHAKPFYNSLPSSISKAYLELDGATHFAPNIPNKIIGKYSVAWLKRFVDNDTRYTQFLCPGPRDGLFGEVEEYCSTCPF,1,https://www.researchgate.net/publication/232050227_Characterization_of_a_new_cutinase_from_Thermobifida_alba_for_PET-surface_hydrolysis 
PET,NPYARGPNPTAASLEASAGPFTVRSFTVSRPSGYGAGTVYYPTNAGGTVGAIAIVPGYTARQSSIKWWGPRLASHGFVVITIDTNSTLDQPSSRSSQQMAALRQVASLNGTSSSPIYGKVDTARMGVMGWSMGGGGSLISAANNPSLKAAAPQAPWDSSTNFSSVTVPTLIFACENDSIAPVNSSALPIYDSMSRNAKQFLEINGGSHSCANSGNSNQALIGKKGVAWMKRFMDNDTRYSTFACENPNSTRVSDFRTANCS,1,https://doi.org/10.1038/s41467-017-02255-z 
PET,NPYARGPNPTAASLEASAGPFTVRSFTVSRPSGYGAGTVYYPTNAGGTVGAIAIVPGYTARQSSIKWWGPRLASHGFVVITIDTNSTLDQPSSRSSQQMAALRQVASLNGTSSSPIYGKVDTARMGVMGWSMGGGGSLISAANNPSLKAAAPQAPADSSTNFSSVTVPTLIFACENDSIAPVNSSALPIYDSMSRNAKQFLEINGGSHSCANSGNSNQALIGKKGVAWMKRFMDNDTRYSTFACENPNSTRVSDFRTANCS,1,https://doi.org/10.1038/s41467-017-02255-z 
PET,NPYARGPNPTAASLEASAGPFTVRSFTVSRPSGYGAGTVYYPTNAGGTVGAIAIVPGYTARQSSIKWWGPRLASHGFVVITIDTNSTLDQPSSRSSQQMAALRQVASLNGTSSSPIYGKVDTARMGVMGWSMGGGGSLISAANNPSLKAAAPQAPWDSSTNFSSVTVPTLIFACENDSIAPVNSHALPIYDSMSRNAKQFLEINGGSHSCANSGNSNQALIGKKGVAWMKRFMDNDTRYSTFACENPNSTRVSDFRTANCS,1,https://doi.org/10.1038/s41467-017-02255-z 
PET,NPYARGPNPTAASLEASAGPFTVRSFTVSRPSGYGAGTVYYPTNAGGTVGAIAIVPGATARQSSIKWWGPRLASHGFVVITIDTNSTLDQPSSRSSQQMAALRQVASLNGTSSSPIYGKVDTARMGVMGWSMGGGGSLISAANNPSLKAAAPQAPWDSSTNFSSVTVPTLIFACENDSIAPVNSSALPIYDSMSRNAKQFLEINGGSHSCANSGNSNQALIGKKGVAWMKRFMDNDTRYSTFACENPNSTRVSDFRTANCS,1,https://doi.org/10.1038/s41467-017-02255-z 
PET,NPYARGPNPTAASLEASAGPFTVRSFTVSRPSGYGAGTVYYPTNAGGTVGAIAIVPGYAARQSSIKWWGPRLASHGFVVITIDTNSTLDQPSSRSSQQMAALRQVASLNGTSSSPIYGKVDTARMGVMGWSMGGGGSLISAANNPSLKAAAPQAPWDSSTNFSSVTVPTLIFACENDSIAPVNSSALPIYDSMSRNAKQFLEINGGSHSCANSGNSNQALIGKKGVAWMKRFMDNDTRYSTFACENPNSTRVSDFRTANCS,1,https://doi.org/10.1038/s41467-017-02255-z 
PET,NPYARGPNPTAASLEASAGPFTVRSFTVSRPSGYGAGTVYYPTNAGGTVGAIAIVPGYTARQSSIKWWGPRLASHGFVVITIDTNSTLDQPSSRSSQQMAALRQVASLNGTSSSPIYGKVDTARMGVMGWSMGGGGSLISAANNPSLKAAAPQAPWDSSTNFSSVTVPTLIFACENDSAAPVNSSALPIYDSMSRNAKQFLEINGGSHSCANSGNSNQALIGKKGVAWMKRFMDNDTRYSTFACENPNSTRVSDFRTANCS,1,https://doi.org/10.1038/s41467-017-02255-z 
PET,NPYARGPNPTAASLEASAGPFTVRSFTVSRPSGYGAGTVYYPTNAGGTVGAIAIVPGYTARQSSIKWWGPRLASHGFVVITIDTNSTLDQPSSRSSQQMAALRQVASLNGTSSSPIYGKVDTARMGVMGASMGGGGSLISAANNPSLKAAAPQAPWDSSTNFSSVTVPTLIFACENDSIAPVNSSALPIYDSMSRNAKQFLEINGGSHSCANSGNSNQALIGKKGVAWMKRFMDNDTRYSTFACENPNSTRVSDFRTANCS,1,https://doi.org/10.1038/s41467-017-02255-z 
PET,NPYARGPNPTAASLEASAGPFTVRSFTVSRPSGYGAGTVYYPTNAGGTVGAIAIVPGYTARQSSIKWWGPRLASHGFVVITIDTNSTLDQPSSRSSQQMAALRQVASLNGTSSSPIYGKVDTARMGVMGHSMGGGGSLISAANNPSLKAAAPQAPWDSSTNFSSVTVPTLIFACENDSIAPVNSSALPIYDSMSRNAKQFLEINGGSHSCANSGNSNQALIGKKGVAWMKRFMDNDTRYSTFACENPNSTRVSDFRTANCS,1,https://doi.org/10.1038/s41467-017-02255-z 
PET,NPYARGPNPTAASLEASAGPFTVRSFTVSRPSGYGAGTVYYPTNAGGTVGAIAIVPGYTARQSSIKWWGPRLASHGFVVITIDTNSTLDQPSSRSSQQMAALRQVASLNGTSSSPIYGKVDTARMGVMGWSAGGGGSLISAANNPSLKAAAPQAPWDSSTNFSSVTVPTLIFACENDSIAPVNSSALPIYDSMSRNAKQFLEINGGSHSCANSGNSNQALIGKKGVAWMKRFMDNDTRYSTFACENPNSTRVSDFRTANCS,1,https://doi.org/10.1038/s41467-017-02255-z 
PET,NPYARGPNPTAASLEASAGPFTVRSFTVSRPSGYGAGTVYYPTNAGGTVGAIAIVPGYTARQSSIKWWGPRLASHGFVVITIDTNSTLDQPSSRSSQQMAALRQVASLNGTSSSPIYGKVDTARMGVMGWSMGGGGSLISAANNPSLKAAAPQAPWDSSTNFSSVTVPTLIFACENDSIAPVNSSALPIYDSMSRNAKQFLEINGGSHSSANSGNSNQALIGKKGVAWMKRFMDNDTRYSTFACENPNSTRVSDFRTANCS,0,https://doi.org/10.1038/s41467-017-02255-z 
PET,NPYARGPNPTAASLEASAGPFTVRSFTVSRPSGYGAGTVYYPTNAGGTVGAIAIVPGYTARQSSIKWWGPRLASHGFVVITIDTNSTLDQPSSRSSQQMAALRQVASLNGTSSSPIYGKVDTARMGVMGWSMGGGGSLISAANNPSLKAAAPQAPWDSSTNFSSVTVPTLIFASENDSIAPVNSSALPIYDSMSRNAKQFLEINGGSHSCANSGNSNQALIGKKGVAWMKRFMDNDTRYSTFACENPNSTRVSDFRTANCS,0,https://doi.org/10.1038/s41467-017-02255-z 
PET,NPYARGPNPTAASLEASAGPFTVRSFTVSRPSGYGAGTVYYPTNAGGTVGAIAIVPGYTARQSSIKWWGPRLASHGFVVITIDTNSTLDQPSSRSSQQMAALRQVASLNGTSSSPIYGKVDTARMGVMGWAMGGGGSLISAANNPSLKAAAPQAPWDSSTNFSSVTVPTLIFACENDSIAPVNSSALPIYDSMSRNAKQFLEINGGSHSCANSGNSNQALIGKKGVAWMKRFMDNDTRYSTFACENPNSTRVSDFRTANCS,0,https://doi.org/10.1038/s41467-017-02255-z 
PET,MNFPRASRLMQAAVLGGLMAVSAAATAQTNPYARGPNPTAASLEASAGPFTVRSFTVSRPSGYGAGTVYYPTNAGGTVGAIAIVPGYTARQSSIKWWGPRLASHGFVVITIDTNSTLDQPSSRSSQQMAALRQVASLNGTSSSPIYGKVDTARMGVMGWAMGGGGSLISAANNPSLKAAAPQAPWDSSTNFSSVTVPTLIFACENDSIAPVNSSALPIYDSMSRNAKQFLEINGGSHSCANSGNSNQALIGKKGVAWMKRFMDNDTRYSTFACENPNSTRVSDFRTANCS,0,https://doi.org/10.1038/s41467-018-02881-1 
PET,MNFPRASRLMQAAVLGGLMAVSAAATAQTNPYARGPNPTAASLEASAGPFTVRSFTVSRPSGYGAGTVYYPTNAGGTVGAIAIVPGYTARQSSIKWWGPRLASHGFVVITIDTNSTLDQPSSRSSQQMAALRQVASLNGTSSSPIYGKVDTARMGVMGWSMGGGGSLISAANNPSLKAAAPQAPWDSSTNFSSVTVPTLIFACENASIAPVNSSALPIYDSMSRNAKQFLEINGGSHSCANSGNSNQALIGKKGVAWMKRFMDNDTRYSTFACENPNSTRVSDFRTANCS,0,https://doi.org/10.1038/s41467-018-02881-1 
PET,MNFPRASRLMQAAVLGGLMAVSAAATAQTNPYARGPNPTAASLEASAGPFTVRSFTVSRPSGYGAGTVYYPTNAGGTVGAIAIVPGYTARQSSIKWWGPRLASHGFVVITIDTNSTLDQPSSRSSQQMAALRQVASLNGTSSSPIYGKVDTARMGVMGWSMGGGGSLISAANNPSLKAAAPQAPWDSSTNFSSVTVPTLIFACENDSIAPVNSSALPIYDSMSRNAKQFLEINGGSASCANSGNSNQALIGKKGVAWMKRFMDNDTRYSTFACENPNSTRVSDFRTANCS,0,https://doi.org/10.1038/s41467-018-02881-1 
PET,MNFPRASRLMQAAVLGGLMAVSAAATAQTNPYARGPNPTAASLEASAGPFTVRSFTVSRPSGYGAGTVYYPTNAGGTVGAIAIVPGATARQSSIKWWGPRLASHGFVVITIDTNSTLDQPSSRSSQQMAALRQVASLNGTSSSPIYGKVDTARMGVMGWSMGGGGSLISAANNPSLKAAAPQAPWDSSTNFSSVTVPTLIFACENDSIAPVNSSALPIYDSMSRNAKQFLEINGGSHSCANSGNSNQALIGKKGVAWMKRFMDNDTRYSTFACENPNSTRVSDFRTANCS,1,https://doi.org/10.1038/s41467-018-02881-1 
PET,MNFPRASRLMQAAVLGGLMAVSAAATAQTNPYARGPNPTAASLEASAGPFTVRSFTVSRPSGYGAGTVYYPTNAGGTVGAIAIVPGYTARQSSIKWWGPRLASHGFVVITIDTNSTLDQPSSRSSQQMAALRQVASLNGTSSSPIYGKVDTARMGVMGWSAGGGGSLISAANNPSLKAAAPQAPWDSSTNFSSVTVPTLIFACENDSIAPVNSSALPIYDSMSRNAKQFLEINGGSHSCANSGNSNQALIGKKGVAWMKRFMDNDTRYSTFACENPNSTRVSDFRTANCS,1,https://doi.org/10.1038/s41467-018-02881-1 
PET,MNFPRASRLMQAAVLGGLMAVSAAATAQTNPYARGPNPTAASLEASAGPFTVRSFTVSRPSGYGAGTVYYPTNAGGTVGAIAIVPGYTARQSSIKWWGPRLASHGFVVITIDTNSTLDQPSSRSSQQMAALRQVASLNGTSSSPIYGKVDTARMGVMGWSMGGGGSLISAANNPSLKAAAPQAPWDSSTNFSSVTVPTLIFACENDSAAPVNSSALPIYDSMSRNAKQFLEINGGSHSCANSGNSNQALIGKKGVAWMKRFMDNDTRYSTFACENPNSTRVSDFRTANCS,1,https://doi.org/10.1038/s41467-018-02881-1 
PET,MNFPRASRLMQAAVLGGLMAVSAAATAQTNPYARGPNPTAASLEASAGPFTVRSFTVSRPSGYGAGTVYYPTNAGGTVGAIAIVPGYTARQSSIKWWGPRLASHGFVVITIDTNSTLDQPSSRSSQQMAALRQVASLNGTSSSPIYGKVDTARMGVMGASMGGGGSLISAANNPSLKAAAPQAPWDSSTNFSSVTVPTLIFACENDSIAPVNSSALPIYDSMSRNAKQFLEINGGSHSCANSGNSNQALIGKKGVAWMKRFMDNDTRYSTFACENPNSTRVSDFRTANCS,1,https://doi.org/10.1038/s41467-018-02881-1 
PET,MNFPRASRLMQAAVLGGLMAVSAAATAQTNPYARGPNPTAASLEASAGPFTVRSFTVSRPSGYGAGTVYYPTNAGGTVGAIAIVPGYTARQSSIKWWGPRLASHGFVVITIDTNSTLDQPSSRSSQQMAALRQVASLNGTSSSPIYGKVDTARMGVMGWSMGGGGSLISAANNPSLKAAAPQAPWDSSTNFSSVTVPTLIFACENDSIAPVNSSALPIYDSMSRNAKQFLEINGGSHACANSGNSNQALIGKKGVAWMKRFMDNDTRYSTFACENPNSTRVSDFRTANCS,1,https://doi.org/10.1038/s41467-018-02881-1 
PET,MNFPRASRLMQAAVLGGLMAVSAAATAQTNPYARGPNPTAASLEASAGPFTVRSFTVSRPSGYGAGTVYYPTNAGGTVGAIAIVPGYTARQSSIKWWGPRLASHGFVVITIDTNSTLDQPSSRSSQQMAALRQVASLNGTSSSPIYGKVDTARMGVMGWSMGGGGSLISAANNPSLKAAAPQAPWDSSTNFSSVTVPTLIFACENDSIAPVNSSALPIYDSMSRNAKQFLEINGGSHSCAASGNSNQALIGKKGVAWMKRFMDNDTRYSTFACENPNSTRVSDFRTANCS,1,https://doi.org/10.1038/s41467-018-02881-1 
PET,MNFPRASRLMQAAVLGGLMAVSAAATAQTNPYARGPNPTAASLEASAGPFTVRSFTVSRPSGYGAGTVYYPTNAGGTVGAIAIVPGYTARQSSIKWWGPRLASHGFVVITIDTNSTLDQPSSRSSQQMAALRQVASLNGTSSSPIYGKVDTARMGVMGWSMGGGGSLISAANNPSLKAAAPQAPWDSSTNFSSVTVPTLIFACENDSIAPVNSSALPIYDSMSRNAKQFLEINGGSHSCANSGNSNQALIGKKGVAWMKRFMDNDTRYSTFACENPNSTAVSDFRTANCS,1,https://doi.org/10.1038/s41467-018-02881-1 
PE,RAHPRPPCACLDAGRRLVLAVWPEPVRLPATCLQAQLPQRLEAGGRAPPPPRPACPALAQRADLVVRHQCAAVARFQPGLRLAGRTVLPGPGADGLHPAGDRQLRRALR,1,http://dx.doi.org/10.4172/2155-6199.1000145 
PLA,MLVSALALAVLSAASLGRAAPTPESAEAHELEARATSSACPQYVLINTRGTGEPQGQSAGFRTMNSQITAALSGGTIYNTVYTADFSQNSAAGTADIIRRINSGLAANPNVCYILQGYSQGAAATVVALQQLGTSGAAFNAVKGVFLIGNPDHKSGLTCNVDSNGGTTTRNVNGLSVAYQGSVPSGWVSKTLDVCAYGDGVCDTAHGFGINAQHLSYPSDQGVQTMGYKFAVNKLGGSA,1,https://doi.org/10.1128/AEM.71.11.7548-7550.2005 
PBS,MLVSALALAVLSAASLGRAAPTPESAEAHELEARATSSACPQYVLINTRGTGEPQGQSAGFRTMNSQITAALSGGTIYNTVYTADFSQNSAAGTADIIRRINSGLAANPNVCYILQGYSQGAAATVVALQQLGTSGAAFNAVKGVFLIGNPDHKSGLTCNVDSNGGTTTRNVNGLSVAYQGSVPSGWVSKTLDVCAYGDGVCDTAHGFGINAQHLSYPSDQGVQTMGYKFAVNKLGGSA,1,https://doi.org/10.1128/AEM.71.11.7548-7550.2005 
PCL,MLVSALALAVLSAASLGRAAPTPESAEAHELEARATSSACPQYVLINTRGTGEPQGQSAGFRTMNSQITAALSGGTIYNTVYTADFSQNSAAGTADIIRRINSGLAANPNVCYILQGYSQGAAATVVALQQLGTSGAAFNAVKGVFLIGNPDHKSGLTCNVDSNGGTTTRNVNGLSVAYQGSVPSGWVSKTLDVCAYGDGVCDTAHGFGINAQHLSYPSDQGVQTMGYKFAVNKLGGSA,1,https://doi.org/10.1128/AEM.71.11.7548-7550.2005 
PU,MGVFDYKNFTASDSKALFSDALAITLYSYHNIDNGFAEGYQHNGFGLGLPATLVTALIGSGNSQGVIPGIPWNPDSEKAALDALHQAGWSTISAQQLGYDGKVDGRGTFFGEKAGYGTAQVEILGKYDAQGHLESIGIAFRGTSGPRESVISDTIGDVINDLLAALGPKDYAKNYAGEAFGKLLGDVAAFAQANGLSGKDVLVSGHSLGGLGVNSLADLSSERWSGFYKDSNYIAYASPTQSASDKVLNIGYENDPVFRVLDGSTFKLSSLGVHDAHQDSATNNIVNFNDHYASTLWNVLPFSILNIPTWLSHLPTGYGDGLTRVLESKFYDFTSKDSTIVVANLSDPARASTWVQDLNRNAETHKGSTFIIGSDGNDLIQGGSGNDYLEGRAGNDTFRDSGGYNIILGGQGSNTLDLQQSVKNYSFASDGAGTLYLRDANGGISMTRDIGAIQSKEPGFLWGLFKDDVIHQVTDQGLKAGGQLTQYASSVRGDAGDNVLKAHAGGDWLFGLDGNDHLIGGQGNDVFVGGAGNDLMEAGGGNNTFLFTGHFGQDRILGYQGGDKLVFMGVSGVLPDQDYRAHASSSGNDTVLTFGQDSVTLVGVSLEHLNGSGIVLA,1,https://doi.org/10.1111/j.1365-2672.2007.03447.x 
PU,MSMSIFDYKTALGGDGKALYSEAITLALYASTPTGEALPGTAWRPISVSQLGYQGNVSAQGTISGEQAIVSDAQSRCWANTTRPGSCCPSASSFRGTRQPQGRYQRLAGGLRVGLLPTTTSRLAFDNLLGKVAAFAAAQGLSGSDVLVTGHSLGGLGGQPRGGHEQRSLGRLLPGRQLLGFASPTQSANSSQVLNIGYETTRCSAPWTALISTALSLGTHWQAPGVATNNIVSFTDHYSSFLGEVDSPEHPQSAVLVGPQCGGLRRGLNRLINSDFYDLTSRDSTVVISNLSEGKRDQVWVKDLNLYAEKHTGSTFIIGTQSNDLLHGGKGNDYLDGGAGDDRFRDDGGYNIIHGGQGHNVLELQQPLKNFSIANDGDGTLYIRDAYGGISMTRDVGALVSHETGSWWQLFGKDVSHSVTADGLQNGNQWTAYNHSLNGDAYGNALVASVDGDWLFGHGGDDLLSSDKANVTFVGGTGNDVMHSSGGGGNTFLFSGNFGFDLIHGYQNTDKLVFMGVPGVDAHYDYSQHLSQNGNDTLVQVFGEFLRVNPWWGSAWTSLSGSGLVFA,1,https://doi.org/10.1111/j.1365-2672.2007.03447.x 
PU,MNSRSLTKAIRFPTILALAGFSVLGACGGSDNDSSSNNQGAPAVAITVAGQVQAVDRLGMRRYFGIPFAAPPVGNLRWMPPAPPQSWAAPLAKTQSNAPCMQTGATDPLRLPNGTEDCLYLDVHAPATGEGPFPVMVWIHGGAFSIGGTITYADPSPLVSKGVIVVNIAYRMGAMGFLGHPSLRAADGTVGNYGIMDQQAALRWVQDNIAAFGGDKSNVTIFGESAGGFSVMTHLASPLSKGLFAKAIVQSGGYGFDRQLTQAQLEAQSTSIVNSALAAAGVSCPTVDAACLRGLSAELVNNQLATAFTTANWSPVPSVDGKVLPKSIKATFVAGENNKVPLVNGSNQDEWSYFVASRELVAGPLTAAQYPSYLQTSLGLPPSLATVYPLTDYGTNTAQQPSLAATAAGTDMHFSCPALNLSKRVLSQATPIFMYEFRDRTAIPSIGRNTISFNQGAGHTYELQYLFNLRDLETAEHRDLQASMARYWTNFARTSNPNNGDPVATSWP,1,https://doi.org/10.1016/S0922-338X(99)89001-1 
PLA,MNSRSLTKAIRFPTILALAGFSVLGACGGSDNDSSSNNQGAPAVAITVAGQVQAVDRLGMRRYFGIPFAAPPVGNLRWMPPAPPQSWAAPLAKTQSNAPCMQTGATDPLRLPNGTEDCLYLDVHAPATGEGPFPVMVWIHGGAFSIGGTITYADPSPLVSKGVIVVNIAYRMGAMGFLGHPSLRAADGTVGNYGIMDQQAALRWVQDNIAAFGGDKSNVTIFGESAGGFSVMTHLASPLSKGLFAKAIVQSGGYGFDRQLTQAQLEAQSTSIVNSALAAAGVSCPTVDAACLRGLSAELVNNQLATAFTTANWSPVPSVDGKVLPKSIKATFVAGENNKVPLVNGSNQDEWSYFVASRELVAGPLTAAQYPSYLQTSLGLPPSLATVYPLTDYGTNTAQQPSLAATAAGTDMHFSCPALNLSKRVLSQATPIFMYEFRDRTAIPSIGRNTISFNQGAGHTYELQYLFNLRDLETAEHRDLQASMARYWTNFARTSNPNNGDPVATSWP,1,https://doi.org/10.1128/AEM.64.1.62-67.1998 
PHB,MNSRSLTKAIRFPTILALAGFSVLGACGGSDNDSSSNNQGAPAVAITVAGQVQAVDRLGMRRYFGIPFAAPPVGNLRWMPPAPPQSWAAPLAKTQSNAPCMQTGATDPLRLPNGTEDCLYLDVHAPATGEGPFPVMVWIHGGAFSIGGTITYADPSPLVSKGVIVVNIAYRMGAMGFLGHPSLRAADGTVGNYGIMDQQAALRWVQDNIAAFGGDKSNVTIFGESAGGFSVMTHLASPLSKGLFAKAIVQSGGYGFDRQLTQAQLEAQSTSIVNSALAAAGVSCPTVDAACLRGLSAELVNNQLATAFTTANWSPVPSVDGKVLPKSIKATFVAGENNKVPLVNGSNQDEWSYFVASRELVAGPLTAAQYPSYLQTSLGLPPSLATVYPLTDYGTNTAQQPSLAATAAGTDMHFSCPALNLSKRVLSQATPIFMYEFRDRTAIPSIGRNTISFNQGAGHTYELQYLFNLRDLETAEHRDLQASMARYWTNFARTSNPNNGDPVATSWP,0,https://doi.org/10.1128/AEM.64.1.62-67.1998 
PE,GAMGCGDLLRRSHCYGARGGLPDTGALWTINFFPTLSDGIWHGIVLSNDMDGAATVTDAGSHRPGRCVHLRIHRPPPRALLYHSHSGVQLDRGLYGVVVIDDPAEPGGYDDEWVVVLDDMVDGTGRTPDDVARELGMAASGEGSESAGEMGGMDHGSMEDMEGMGDMGAETMQSDLLGGAGDVNPYYYLVNGRIPTDPVSLTAVPGRRIRLRIVNAGSDTAFRLALGGHRMTVTHSDGFPVTPRETDALLIGMGERFDVLVTLADGVFPLYAAAEGKPGYGVALVRTGAGSAGPTDTRPAELDRQVLLGTDLSPREQVRLASKSHDNYLSVDMGGTMSPYRWTLNGRAFPDAAPLAVAQGQRVRMRFRNMSMMFHPMHVHGHTFALVSGGARKDTVTVRPMQTVEVEFDADNPGQWALHCHNRL,1,https://doi.org/10.1016/j.ibiod.2012.03.001 
PE,MFERLSPTTMLAIKKYAYWLWLLLALSMPFNYWMARDSEHPAFWAFALVFAVFGVGPVLDMLFGRDPANPDEETQTPQLLGQGYYVLLTLATVPVLIGTLVWAAGVFVDYQGWGWLGRLGWILSMGTVMGAVGIVVAHELIHKDSALEQAAGGILLAAVCYAGFKVEHVRGHHVHVSTPEDASSARFGQSVYQFLPHAYKYNFLNAWRLEAERLKRKGLPVLGWQNELIGWYLLSLALLVGFGWAFGWLGVLFFLGQAFVAVTLLEIINYVEHYGLHRRKGEDGRYERTNHTHSWNSNFVFTNLVLFHLQRHSDHHAYAKRPYQVLRHYDDSPQMPSGYAGMVVLALIPPLWRAVMDPKVKAYYAGEEYQLSAEQSDTPAAS,1,http://dx.doi.org/10.1016/j.ibiod.2016.06.012 
PE,MFASLSSAWMLRLKKYGYWIWLIAVLGIPLSYWWSLGSDYPNAWPWLVISVVFGLIPILDAIVGRDPANPEEASEVPEMEAQGYYRVLSLATVPLLLGMLVWSGWILAHETRWDWVGQLGWILSVGTVMGAIGITVSHELIHKDPQLEQNAGGLLLAAVCYAGFKVEHVRGHHVHVSTPEDASSSRYGQSLYSFLPHAYKHNFLNAWRLEAERLKRKGLPALHWRNELIWWYAISALFLLGFSLAFGWLGAIFFLGQSVMAFTLLEIVNYVEHYGLHRRRLDNGRYERTTPEHSWNSNFLLTNLFLFHLQRHSDHHAYAKRRYQVLRHYDSSPQLPNGYAGMIVLALFPPLWRAVMDPKVRAYYAGEEYQLTDTQRI,1,http://dx.doi.org/10.1016/j.ibiod.2016.06.012 
PU,LVWASPSVEAQSNPYQRGPNPTRSALTADGPFSVATYTVSRLSVSGFGGGVIYYPTGTSLTFGGIAMSPGYTADASSLAWLGRRLASHGFVVLVINTNSRFDYPDSRASQLSAALNYLRTSSPSAVRARLDANRLAVAGHSMGGGGTLRIAEQNPSLKAAVPLTPWHTDKTFNTSVPVLIVGAEADTVAPVSQHAIPFYQNLPSTTPKVYVELDNASHFAPNSNNAAISVYTISWMKLWVDNDTRYRQFLCNVNDPALSDFRTNNRHCQ,1,https://doi.org/10.1016/j.ibiod.2015.04.024 
PU,ANPYERGPNPTDALLEARSGPFSVSEENVSRLSASGFGGGTIYYPRENNTYGAVAISPGYTGTEASIAWLGERIASHGFVVITIDTITTLDQPDSRAEQLNAALNHMINRASSTVRSRIDSSRLAVMGHSMGGGGSLRLASQRPDLKAAIPLTPWHLNKNWSSVTVPTLIIGADLDTIAPVATHAKPFYNSLPSSISKAYLELDGATHFAPNIPNKIIGKYSVAWLKRFVDNDTRYTQFLCPGPRDGLFGEVEEYRSTCPF,1,https://doi.org/10.1016/j.ibiod.2015.04.024 
PU,AANPYQRGPDPTESLLRAARGPFAVSEQSVSRLSVSGFGGGRIYYPTTTSQGTFGAIAISPGFTASWSSLAWLGPRLASHGFVVIGIETNTRLDQPDSRGRQLLAALDYLTQRSSVRNRVDASRLAVAGHSMGGGGTLEAAKSRTSLKAAIPIAPWNLDKTWPEVRTPTLIIGGELDSIAPVATHSIPFYNSLTNAREKAYLELNNASHFFPQFSNDTMAKFMISWMKRFIDDDTRYDQFLCPPPRAIGDISDYRDTCPHT,1,https://doi.org/10.1016/j.ibiod.2015.04.024 
PU,AANPYQRGPNPTEASITAARGPFNTAEITVSRLSVSGFGGGKIYYPTTTSEGTFGAIAISPGFTAYWSSLEWLGHRLASQGFVVIGIETNTTLDQPDQRGQQLLAALDYLTQRSAVRDRVDASRLAVAGHSMGGGGSLEAAKARTSLKAAIPLAPWNLDKTWPEVRTPTLIIGGELDAVAPVATHSIPFYNSLSNAPEKAYLELDNASHFFPNITNTQMAKYMIAWMKRFIDDDTRYTQFLCPPPSTGLLSDFSDARFTCPM,1,https://doi.org/10.1016/j.ibiod.2015.04.024 
PHB,MRSIRLKRLIAAVALGGAAAATQAASPLPRLNVDKTQISVSGLSAGGFMANQLGYAYSGTFMGVGIFAGGPYMCAGHSNYTSCMYNATITSSMRSAMQASIDNWSGAHIDPKAHVANQRVFLFVGNSDTTVGPNPMDAVHAQYQHNGVRRTARVRGRNSTAHVFPTDFDATGNNACNSTASPYIANCGYDGAKAVLSRIYGTLQPRNDAPAGANYIEFDQTAFTNNPGMASTGWVYVPANCAAGAQCRLHVALHGCQQSTGHIGDRFVKNTGYTRWADTNNIIVLFPQAKTDNTPRNTAASGMLPNPNACWDWVGWYGSNFAQKTGTQAAAIKAMVDHVASARPRLRLPAPTGVQTSGATSSSMVISWAAVQGAAGYNVYRDGTKVNATAVSGTSYTDNGLSPGTTYQWTVRAVNAQGPRPAVGPATGTTTGTAAVCFTSSNYAHVSAGRAYVSMGYTYANASHQNMGLWNVFVTTTLKQTGPNYYVIGTCP,1,https://doi.org/10.1007/s00203-004-0684-2 
PET,MTHQIVTTQYGKVKGTTENGVHKWKGIPYAKPPVGQWRFKAPEPPEVWEDVLDATAYGPICPQPSDLLSLSYTELPRQSEDCLYVNVFAPDTPSQNLPVMVWIHGGAFYLGAGSEPLYDGSKLAAQGEVIVVTLNYRLGPFGFLHLSSFNEAYSDNLGLLDQAAALKWVRENISAFGGDPDNVTVFGESAGGMSIAALLAMPAAKGLFQKAIMESGASRTMTKEQAASTSAAFLQVLGINEGQLDKLHTVSAEDSLKAADQLRIAEKENIFQLFFQPALDPKTLPEEPEKAIAEGAASGIPLLIGTTRDEGYLFFTPDSDVHSQETLDAALEYLLGKPLAEKAADLYPRSLESQIHMMTDLLFWRPAVAYASAQSHYAPVWMYRFDWHPKKPPYNKAFHALELPFVFGNLDGLERMAKAEITDEVKQLSHTIQSAWITFAKTGNPSTEAVNWPAYHEETRETLILDSEITIENDPESEKRQKLFPSKGE,0,https://doi.org/10.1002/btpr.610 
PCL,MFQRVWALTAALMLMLSLGATSSHAAQNPHERGPDPSNSYIEQARGSYSVSQRSISRLGSDGFRDGTMYYPTSTADGRFGVVAISPGYTASESTIAWLGPRLASFGFVVVTINTDSRYDQPRQRATQLHAALDHAIGDSVVGPRIDTSRQAVMGHSMGGGGALQAAEERDEIRAAVPLTPWNLKKGWSGVDAATLVIGAENDAIAPVRSHSIPFYESLTNAERRAYLELRREGHFAPNSSNTLIAKYSVSWLKRYVDNDLRYDQFIDPGPRTGITTGVSDYRLG,1,https://doi.org/10.3389/fmicb.2019.02187
PCL,MKFFALTTLLAATASALPTSNPAQELEARQLGRTTRDDLINGNSASCADVIFIYARGSTETGNLGTLGPSIASNLESAFGKDGVWIQGVGGAYRATLGDNALPRGTSSAAIGEMLGLFQQANTKCPDATLIAGGYSQGAALAAASIEDLDSAIRDKIAGTVLFGYTKNLQNRGRIPNYPADRTKVFCNTGDLVCTGSLIVAAPHLAYGPDARGPAPEFLIEKVRAVRGSA,1,https://doi.org/10.1128/aem.62.2.456-460.1996 
PCL,MSVTTPRRETSLLSRALRATAAAATAVVATVALAAPAQAANPYERGPNPTESMLEARSGPFSVSEERASRFGADGFGGGTIYYPRENNTYGAIAISPGYTGTQSSIAWLGERIASHGFVVIAIDTNTTLDQPDSRARQLNAALDYMLTDASSAVRNRIDASRLAVMGHSMGGGGTLRLASQRPDLKAAIPLTPWHLNKSWRDITVPTLIIGAEYDTIASVTLHSKPFYNSIPSPTDKAYLELDGASHFAPNITNKTIGMYSVAWLKRFVDEDTRYTQFLCPGPRTGLLSDVEEYRSTCPF,1,https://doi.org/10.1007/s00253-010-2555-x 
PBSA,MSVTTPRRETSLLSRALRATAAAATAVVATVALAAPAQAANPYERGPNPTESMLEARSGPFSVSEERASRFGADGFGGGTIYYPRENNTYGAIAISPGYTGTQSSIAWLGERIASHGFVVIAIDTNTTLDQPDSRARQLNAALDYMLTDASSAVRNRIDASRLAVMGHSMGGGGTLRLASQRPDLKAAIPLTPWHLNKSWRDITVPTLIIGAEYDTIASVTLHSKPFYNSIPSPTDKAYLELDGASHFAPNITNKTIGMYSVAWLKRFVDEDTRYTQFLCPGPRTGLLSDVEEYRSTCPF,1,https://doi.org/10.1007/s00253-010-2555-x 
PBSA,MQFKSTFAALVLAAAGLVQAAPLQERAGCSSYVIINTRGTSEPQGPSVGFRTMNTRIRSAVSGGSEYDTVYPAGIDQNSAQGTANIVAQVKAGLARNPNTCFLLEGYSQGAAATCNALPQLTGAAFDAVKGVILIGNPEHKPNLACNVDGNGGKTTFSARGISAAFTQGVPSNWVSKTLDICIYGDGVCDVSSGFGITPQHLTYGYNTNVQTMGANFGIKALQG,1,https://doi.org/10.1080/09168451.2019.1571898 
PBS,MHLPRSRWDIPFKEETTMTHHFSVRALLAAGALLASAAVSAQTNPYERGPAPTTSSLEASRGPFSYQSFTVSRPSGYRAGTVYYPTNAGGPVGAIAIVPGFTARQSSINWWGPRLASHGFVVITIDTNSTLDQPDSRSRQQMAALSQVATLSRTSSSPIYNKVDTSRLGVMGWSMGGGGSLISARNNPSIKAAAPQAPWSASKNFSSLTVPTLIIACENDTIAPVNQHADTFYDSMSRNPREFLEINNGSHSCANSGNSNQALLGKKGVAWMKRFMDNDRRYTSFACSNPNSYNVSDFRVAACN,1,https://doi.org/10.1016/S1389-1723(02)80022-6 
PBSA,MHLPRSRWDIPFKEETTMTHHFSVRALLAAGALLASAAVSAQTNPYERGPAPTTSSLEASRGPFSYQSFTVSRPSGYRAGTVYYPTNAGGPVGAIAIVPGFTARQSSINWWGPRLASHGFVVITIDTNSTLDQPDSRSRQQMAALSQVATLSRTSSSPIYNKVDTSRLGVMGWSMGGGGSLISARNNPSIKAAAPQAPWSASKNFSSLTVPTLIIACENDTIAPVNQHADTFYDSMSRNPREFLEINNGSHSCANSGNSNQALLGKKGVAWMKRFMDNDRRYTSFACSNPNSYNVSDFRVAACN,1,https://doi.org/10.1016/S1389-1723(02)80022-6 
PLA,MLLKKRWLIFISFLLAFTLLIPTAASASEKHYKPNIALEPIENSEGNEHPIILVHGLGGFGRDELGGIIKMWGGIHDIEKKLREKGYKVYTAAVGPVSSNRDRAIELYYQIKGGTVDYGEAHAKKYGHDRYGRTYPGFYPEWGEINPKTGKPNKVHLIGHSMGGQTIRTLAQLLYEGDPEEHKTGGNDISPLLSGEKQPWLHSVLSISSPHDGSTATYLVNDVIPIIQELVIGAAIFAGNIDQNLYDFKLDHWGIKKRPGESFHSYVQRVRNSPGWKTKDTANWDLKPEGAYELNRWVKAQPDVYYFSVSNTQSRRSLLTGYYVPDLFMNPFLHPTAYYIGSKTFRKSNFVLDKTWWENDGLVSVKAMKGPNIGSNDVIVEYNGTPRKGVWNHLGTMRQFDHLDIIGWGVRDVTSWYEDVARFLYSLPDDY,1,https://doi.org/10.1007/s00253-008-1477-3 
PBS,MLLKKRWLIFISFLLAFTLLIPTAASASEKHYKPNIALEPIENSEGNEHPIILVHGLGGFGRDELGGIIKMWGGIHDIEKKLREKGYKVYTAAVGPVSSNRDRAIELYYQIKGGTVDYGEAHAKKYGHDRYGRTYPGFYPEWGEINPKTGKPNKVHLIGHSMGGQTIRTLAQLLYEGDPEEHKTGGNDISPLLSGEKQPWLHSVLSISSPHDGSTATYLVNDVIPIIQELVIGAAIFAGNIDQNLYDFKLDHWGIKKRPGESFHSYVQRVRNSPGWKTKDTANWDLKPEGAYELNRWVKAQPDVYYFSVSNTQSRRSLLTGYYVPDLFMNPFLHPTAYYIGSKTFRKSNFVLDKTWWENDGLVSVKAMKGPNIGSNDVIVEYNGTPRKGVWNHLGTMRQFDHLDIIGWGVRDVTSWYEDVARFLYSLPDDY,1,https://doi.org/10.1007/s00253-008-1477-3 
PBSA,MLLKKRWLIFISFLLAFTLLIPTAASASEKHYKPNIALEPIENSEGNEHPIILVHGLGGFGRDELGGIIKMWGGIHDIEKKLREKGYKVYTAAVGPVSSNRDRAIELYYQIKGGTVDYGEAHAKKYGHDRYGRTYPGFYPEWGEINPKTGKPNKVHLIGHSMGGQTIRTLAQLLYEGDPEEHKTGGNDISPLLSGEKQPWLHSVLSISSPHDGSTATYLVNDVIPIIQELVIGAAIFAGNIDQNLYDFKLDHWGIKKRPGESFHSYVQRVRNSPGWKTKDTANWDLKPEGAYELNRWVKAQPDVYYFSVSNTQSRRSLLTGYYVPDLFMNPFLHPTAYYIGSKTFRKSNFVLDKTWWENDGLVSVKAMKGPNIGSNDVIVEYNGTPRKGVWNHLGTMRQFDHLDIIGWGVRDVTSWYEDVARFLYSLPDDY,1,https://doi.org/10.1007/s00253-008-1477-3 
PES,MLLKKRWLIFISFLLAFTLLIPTAASASEKHYKPNIALEPIENSEGNEHPIILVHGLGGFGRDELGGIIKMWGGIHDIEKKLREKGYKVYTAAVGPVSSNRDRAIELYYQIKGGTVDYGEAHAKKYGHDRYGRTYPGFYPEWGEINPKTGKPNKVHLIGHSMGGQTIRTLAQLLYEGDPEEHKTGGNDISPLLSGEKQPWLHSVLSISSPHDGSTATYLVNDVIPIIQELVIGAAIFAGNIDQNLYDFKLDHWGIKKRPGESFHSYVQRVRNSPGWKTKDTANWDLKPEGAYELNRWVKAQPDVYYFSVSNTQSRRSLLTGYYVPDLFMNPFLHPTAYYIGSKTFRKSNFVLDKTWWENDGLVSVKAMKGPNIGSNDVIVEYNGTPRKGVWNHLGTMRQFDHLDIIGWGVRDVTSWYEDVARFLYSLPDDY,1,https://doi.org/10.1007/s00253-008-1477-3 
PCL,MLLKKRWLIFISFLLAFTLLIPTAASASEKHYKPNIALEPIENSEGNEHPIILVHGLGGFGRDELGGIIKMWGGIHDIEKKLREKGYKVYTAAVGPVSSNRDRAIELYYQIKGGTVDYGEAHAKKYGHDRYGRTYPGFYPEWGEINPKTGKPNKVHLIGHSMGGQTIRTLAQLLYEGDPEEHKTGGNDISPLLSGEKQPWLHSVLSISSPHDGSTATYLVNDVIPIIQELVIGAAIFAGNIDQNLYDFKLDHWGIKKRPGESFHSYVQRVRNSPGWKTKDTANWDLKPEGAYELNRWVKAQPDVYYFSVSNTQSRRSLLTGYYVPDLFMNPFLHPTAYYIGSKTFRKSNFVLDKTWWENDGLVSVKAMKGPNIGSNDVIVEYNGTPRKGVWNHLGTMRQFDHLDIIGWGVRDVTSWYEDVARFLYSLPDDY,1,https://doi.org/10.1007/s00253-008-1477-3 
PHB,MLLKKRWLIFISFLLAFTLLIPTAASASEKHYKPNIALEPIENSEGNEHPIILVHGLGGFGRDELGGIIKMWGGIHDIEKKLREKGYKVYTAAVGPVSSNRDRAIELYYQIKGGTVDYGEAHAKKYGHDRYGRTYPGFYPEWGEINPKTGKPNKVHLIGHSMGGQTIRTLAQLLYEGDPEEHKTGGNDISPLLSGEKQPWLHSVLSISSPHDGSTATYLVNDVIPIIQELVIGAAIFAGNIDQNLYDFKLDHWGIKKRPGESFHSYVQRVRNSPGWKTKDTANWDLKPEGAYELNRWVKAQPDVYYFSVSNTQSRRSLLTGYYVPDLFMNPFLHPTAYYIGSKTFRKSNFVLDKTWWENDGLVSVKAMKGPNIGSNDVIVEYNGTPRKGVWNHLGTMRQFDHLDIIGWGVRDVTSWYEDVARFLYSLPDDY,1,https://doi.org/10.1007/s00253-008-1477-3 
PLA,METVKGVHLAIAALLFLCVLPGNADASEKQFDLVLVHGLTNKHRWSDSFLRALVNEWGSGNVYVIYTNQSMQVSKRTIDGKTITFIGKNDFSAGDDSVKDQAEIMAEKIEVLKRDHGLSPQFYIIAHSMGGLVSRQYIYDHPNTVAGLVTLGTPHHGSPLASDFDWLGFFIGAEAAMDNLRPEWVEDFNRRFPVENAPLYNGGKIYTIRGDSDGKIWEWGAMGELYVGWHILHKKHGTDSDGLVPHASAVIEGAVHLADFPNYHHLDLVTREEVAKKAAEVLR,1,https://doi.org/10.1007/s00253-008-1477-3 
PBS,METVKGVHLAIAALLFLCVLPGNADASEKQFDLVLVHGLTNKHRWSDSFLRALVNEWGSGNVYVIYTNQSMQVSKRTIDGKTITFIGKNDFSAGDDSVKDQAEIMAEKIEVLKRDHGLSPQFYIIAHSMGGLVSRQYIYDHPNTVAGLVTLGTPHHGSPLASDFDWLGFFIGAEAAMDNLRPEWVEDFNRRFPVENAPLYNGGKIYTIRGDSDGKIWEWGAMGELYVGWHILHKKHGTDSDGLVPHASAVIEGAVHLADFPNYHHLDLVTREEVAKKAAEVLR,1,https://doi.org/10.1007/s00253-008-1477-3 
PBSA,METVKGVHLAIAALLFLCVLPGNADASEKQFDLVLVHGLTNKHRWSDSFLRALVNEWGSGNVYVIYTNQSMQVSKRTIDGKTITFIGKNDFSAGDDSVKDQAEIMAEKIEVLKRDHGLSPQFYIIAHSMGGLVSRQYIYDHPNTVAGLVTLGTPHHGSPLASDFDWLGFFIGAEAAMDNLRPEWVEDFNRRFPVENAPLYNGGKIYTIRGDSDGKIWEWGAMGELYVGWHILHKKHGTDSDGLVPHASAVIEGAVHLADFPNYHHLDLVTREEVAKKAAEVLR,1,https://doi.org/10.1007/s00253-008-1477-3 
PES,METVKGVHLAIAALLFLCVLPGNADASEKQFDLVLVHGLTNKHRWSDSFLRALVNEWGSGNVYVIYTNQSMQVSKRTIDGKTITFIGKNDFSAGDDSVKDQAEIMAEKIEVLKRDHGLSPQFYIIAHSMGGLVSRQYIYDHPNTVAGLVTLGTPHHGSPLASDFDWLGFFIGAEAAMDNLRPEWVEDFNRRFPVENAPLYNGGKIYTIRGDSDGKIWEWGAMGELYVGWHILHKKHGTDSDGLVPHASAVIEGAVHLADFPNYHHLDLVTREEVAKKAAEVLR,1,https://doi.org/10.1007/s00253-008-1477-3 
PCL,METVKGVHLAIAALLFLCVLPGNADASEKQFDLVLVHGLTNKHRWSDSFLRALVNEWGSGNVYVIYTNQSMQVSKRTIDGKTITFIGKNDFSAGDDSVKDQAEIMAEKIEVLKRDHGLSPQFYIIAHSMGGLVSRQYIYDHPNTVAGLVTLGTPHHGSPLASDFDWLGFFIGAEAAMDNLRPEWVEDFNRRFPVENAPLYNGGKIYTIRGDSDGKIWEWGAMGELYVGWHILHKKHGTDSDGLVPHASAVIEGAVHLADFPNYHHLDLVTREEVAKKAAEVLR,1,https://doi.org/10.1007/s00253-008-1477-3 
PHB,METVKGVHLAIAALLFLCVLPGNADASEKQFDLVLVHGLTNKHRWSDSFLRALVNEWGSGNVYVIYTNQSMQVSKRTIDGKTITFIGKNDFSAGDDSVKDQAEIMAEKIEVLKRDHGLSPQFYIIAHSMGGLVSRQYIYDHPNTVAGLVTLGTPHHGSPLASDFDWLGFFIGAEAAMDNLRPEWVEDFNRRFPVENAPLYNGGKIYTIRGDSDGKIWEWGAMGELYVGWHILHKKHGTDSDGLVPHASAVIEGAVHLADFPNYHHLDLVTREEVAKKAAEVLR,1,https://doi.org/10.1007/s00253-008-1477-3 
PLA,MHESVHAESLWLTMDDGAEVYVRVWEPAARAAADSSDDAPAPPAAAGGPRAVLQLAHGMTEHSGRYDDFARFLAGRGFAVVGNDHRGHGHTGERADSMGYLADQDGFERLVDDLRAVHEWACRRWPGAPRFLMGHSMGSFLVRRYIQRYGDTVAGVIIMGTAGNPGLPGKIGRRLARLEMRRRGPRHPSMLLTSLVFGGYNKKIRSPKTAFDWLSRDAEAVKAYVADPWCGFVPSAGFYFDLLTGLLLIHDEREIARIPKDLPMLFLSGDADPVTGYGKGVERVIAQYERHGLRRMTSILYKDARHELLNELNKEEVYGDILKWLENTQAGILRNLSK,1,https://doi.org/10.1007/s00253-008-1477-3 
PBS,MHESVHAESLWLTMDDGAEVYVRVWEPAARAAADSSDDAPAPPAAAGGPRAVLQLAHGMTEHSGRYDDFARFLAGRGFAVVGNDHRGHGHTGERADSMGYLADQDGFERLVDDLRAVHEWACRRWPGAPRFLMGHSMGSFLVRRYIQRYGDTVAGVIIMGTAGNPGLPGKIGRRLARLEMRRRGPRHPSMLLTSLVFGGYNKKIRSPKTAFDWLSRDAEAVKAYVADPWCGFVPSAGFYFDLLTGLLLIHDEREIARIPKDLPMLFLSGDADPVTGYGKGVERVIAQYERHGLRRMTSILYKDARHELLNELNKEEVYGDILKWLENTQAGILRNLSK,1,https://doi.org/10.1007/s00253-008-1477-3 
PBSA,MHESVHAESLWLTMDDGAEVYVRVWEPAARAAADSSDDAPAPPAAAGGPRAVLQLAHGMTEHSGRYDDFARFLAGRGFAVVGNDHRGHGHTGERADSMGYLADQDGFERLVDDLRAVHEWACRRWPGAPRFLMGHSMGSFLVRRYIQRYGDTVAGVIIMGTAGNPGLPGKIGRRLARLEMRRRGPRHPSMLLTSLVFGGYNKKIRSPKTAFDWLSRDAEAVKAYVADPWCGFVPSAGFYFDLLTGLLLIHDEREIARIPKDLPMLFLSGDADPVTGYGKGVERVIAQYERHGLRRMTSILYKDARHELLNELNKEEVYGDILKWLENTQAGILRNLSK,1,https://doi.org/10.1007/s00253-008-1477-3 
PES,MHESVHAESLWLTMDDGAEVYVRVWEPAARAAADSSDDAPAPPAAAGGPRAVLQLAHGMTEHSGRYDDFARFLAGRGFAVVGNDHRGHGHTGERADSMGYLADQDGFERLVDDLRAVHEWACRRWPGAPRFLMGHSMGSFLVRRYIQRYGDTVAGVIIMGTAGNPGLPGKIGRRLARLEMRRRGPRHPSMLLTSLVFGGYNKKIRSPKTAFDWLSRDAEAVKAYVADPWCGFVPSAGFYFDLLTGLLLIHDEREIARIPKDLPMLFLSGDADPVTGYGKGVERVIAQYERHGLRRMTSILYKDARHELLNELNKEEVYGDILKWLENTQAGILRNLSK,1,https://doi.org/10.1007/s00253-008-1477-3 
PCL,MHESVHAESLWLTMDDGAEVYVRVWEPAARAAADSSDDAPAPPAAAGGPRAVLQLAHGMTEHSGRYDDFARFLAGRGFAVVGNDHRGHGHTGERADSMGYLADQDGFERLVDDLRAVHEWACRRWPGAPRFLMGHSMGSFLVRRYIQRYGDTVAGVIIMGTAGNPGLPGKIGRRLARLEMRRRGPRHPSMLLTSLVFGGYNKKIRSPKTAFDWLSRDAEAVKAYVADPWCGFVPSAGFYFDLLTGLLLIHDEREIARIPKDLPMLFLSGDADPVTGYGKGVERVIAQYERHGLRRMTSILYKDARHELLNELNKEEVYGDILKWLENTQAGILRNLSK,1,https://doi.org/10.1007/s00253-008-1477-3 
PHB,MHESVHAESLWLTMDDGAEVYVRVWEPAARAAADSSDDAPAPPAAAGGPRAVLQLAHGMTEHSGRYDDFARFLAGRGFAVVGNDHRGHGHTGERADSMGYLADQDGFERLVDDLRAVHEWACRRWPGAPRFLMGHSMGSFLVRRYIQRYGDTVAGVIIMGTAGNPGLPGKIGRRLARLEMRRRGPRHPSMLLTSLVFGGYNKKIRSPKTAFDWLSRDAEAVKAYVADPWCGFVPSAGFYFDLLTGLLLIHDEREIARIPKDLPMLFLSGDADPVTGYGKGVERVIAQYERHGLRRMTSILYKDARHELLNELNKEEVYGDILKWLENTQAGILRNLSK,0,https://doi.org/10.1007/s00253-008-1477-3 
PE,YGHFYTEHNRGHHVRVATPEDPASSRLGESFWAFLPRSVWFSAVSAWNLERERLRKLGLPALHWKNAVLGAWMYSVVLWGAMIAWLGAAVIPFLIIQGIYGFSLLEVVNYVEHYGLKRQKLPNGRY,1,https://doi.org/10.1007/s00203-019-01637-9 
PET,MANPYERGPNPTDALLEASSGPFSVSEENVSRLSASGFGGGTIYYPRENNTYGAVAISPGYTGTEASIAWLGERIASHGFVVITIDTITTLDQPDSRAEQLNAALNHMINRASSTVRSRIDSSRLAVMGHSMGGGGTLRLASQRPDLKAAIPLTPWHLNKNWSSVTVPTLIIGADLDTIAPVATHAKPFYNSLPSSISKAYLELDGATHFAPNIPNKIIGKYSVAWLKRFVDNDTRYTQFLCPGPRDGLFGEVEEYRSTCPF,1,https://doi.org/10.1021/ma200949p 
PET,MANPYERGPNPTDALLEARSGPFSVSEERASRFGADGFGGGTIYYPRENNTYGAVAISPGYTGTQASVAWLGERIASHGFVVITIDTNTTLDQPDSRARQLNAALDYMINDASSAVRSRIDSSRLAVMGHSMGGGGTLRLASQRPDLKAAIPLTPWHLNKNWSSVRVPTLIIGADLDTIAPVLTHARPFYNSLPTSISKAYLELDGATHFAPNIPNKIIGKYSVAWLKRFVDNDTRYTQFLCPGPRDGLFGEVEEYRSTCPF,1,https://doi.org/10.1021/ma200949p 
PET,MANPYERGPNPTDALLEARSGPFSVSEENVSRLSASGFGGGTIYYPRENNTYGAVAISPGYTGTEASIAWLGERIASHGFVVITIDTITTLDQPDSRAEQLNAALNHMINRASSTVRSRIDSSRLAVMGHSMGGGGSLRLASQRPDLKAAIPLTPWHLNKNWSSVRVPTLIIGADLDTIAPVLTHARPFYNSLPTSISKAYLELDGATHFAPNIPNKIIGKYSVAWLKRFVDNDTRYTQFLCPGPRDGLFGEVEEYRSTCPF,1,https://doi.org/10.1021/ma200949p 
PLA,MANPYERGPNPTDALLEASSGPFSVSEENVSRLSASGFGGGTIYYPRENNTYGAVAISPGYTGTEASIAWLGERIASHGFVVITIDTITTLDQPDSRAEQLNAALNHMINRASSTVRSRIDSSRLAVMGHSMGGGGTLRLASQRPDLKAAIPLTPWHLNKNWSSVTVPTLIIGADLDTIAPVATHAKPFYNSLPSSISKAYLELDGATHFAPNIPNKIIGKYSVAWLKRFVDNDTRYTQFLCPGPRDGLFGEVEEYRSTCPF,1,https://doi.org/10.1002/bit.26372 
PLA,MANPYERGPNPTDALLEARSGPFSVSEERASRFGADGFGGGTIYYPRENNTYGAVAISPGYTGTQASVAWLGERIASHGFVVITIDTNTTLDQPDSRARQLNAALDYMINDASSAVRSRIDSSRLAVMGHSMGGGGTLRLASQRPDLKAAIPLTPWHLNKNWSSVRVPTLIIGADLDTIAPVLTHARPFYNSLPTSISKAYLELDGATHFAPNIPNKIIGKYSVAWLKRFVDNDTRYTQFLCPGPRDGLFGEVEEYRSTCPF,1,https://doi.org/10.1002/bit.26372 
PLA,MANPYERGPNPTDALLEARSGPFSVSEENVSRFGADGFGGGTIYYPRENNTYGAVAISPGYTGTQASVAWLGERIASHGFVVITIDTNTTLDQPDSRARQLNAALDYMINDASSAVRSRIDSSRLAVMGHSMGGGGTLRLASQRPDLKAAIPLTPWHLNKNWSSVRVPTLIIGADLDTIAPVLTHARPFYNSLPTSISKAYLELDGATHFAPNIPNKIIGKYSVAWLKRFVDNDTRYTQFLCPGPRDGLFGEVEEYRSTCPF,1,https://doi.org/10.1002/bit.26372 
PLA,MANPYERGPNPTDALLEASSGPFSVSEENVSRFGADGFGGGTIYYPRENNTYGAVAISPGYTGTQASVAWLGERIASHGFVVITIDTNTTLDQPDSRARQLNAALDYMINDASSAVRSRIDSSRLAVMGHSMGGGGTLRLASQRPDLKAAIPLTPWHLNKNWSSVRVPTLIIGADLDTIAPVLTHARPFYNSLPTSISKAYLELDGATHFAPNIPNKIIGKYSVAWLKRFVDNDTRYTQFLCPGPRDGLFGEVEEYRSTCPF,1,https://doi.org/10.1002/bit.26372 
PEF,MANPYERGPNPTDALLEASSGPFSVSEENVSRLSASGFGGGTIYYPRENNTYGAVAISPGYTGTEASIAWLGERIASHGFVVITIDTITTLDQPDSRAEQLNAALNHMINRASSTVRSRIDSSRLAVMGHSMGGGGTLRLASQRPDLKAAIPLTPWHLNKNWSSVTVPTLIIGADLDTIAPVATHAKPFYNSLPSSISKAYLELDGATHFAPNIPNKIIGKYSVAWLKRFVDNDTRYTQFLCPGPRDGLFGEVEEYRSTCPF,1,https://doi.org/10.1016/j.jbiotec.2016.02.006 
PHB,LTCGTNSGFVCKGTQTQYAGGFAPGVGYGGFGGGSCTATKTPVIFIHGNGDNAISFDMPPGNVSGYGTPARSVYAELKARGYNDCEIFGVTYLSSSEQGSAQYNYHSSTKYAIIKTFIDKVKAYTGKSQVDIVAHSMGVSMSLATLQYYNNWTSVRKFINLAGGIRGLYSCYYTGYANAAAPTCGSQNYYNSYTFGFFPEGWYYGVWVSNPWTGSGSTNSMRDMPAKRTAVSFYTLSAGFKDQVGCATASFWAGCDSAAKFASTTSNVKAQINVGAGSNATQADYDWADGMPYNAGGGDTTNGVGHFRTKTNTGAIIQRMLLTTCTGLDCAAEYTTGPKAAY,1,https://doi.org/10.1111/mmi.12391 
PHB,LTCGTNSGEVCKGTQTQYAGGFAPGVGYGGFGGGSCTATKTPVIFIHGNGDNAISFDMPPGNVSGYGTPARSVYAELKARGYNDCEIFGVTYLSSSEQGSAQYNYHSSTKYAIIKTFIDKVKAYTGKSQVDIVAHSMGVSMSLATLQYYNNWTSVRKFINLAGGIRGLYSCYYTGYANAAAPTCGSQNYYNSYTFGFFPEGWYYGVWVSNPWTGSGSTNSMRDMPAKRTAVSFYTLSAGFKDQVGCATASFWAGCDSAAKFASTTSNVKAQINVGAGSNATQADYDWADGMPYNAGGGDTTNGVGHFRTKTNTGAIIQRMLLTTCTGLDCAAEYTTGPKAAY,1,https://doi.org/10.1111/mmi.12391 
PHB,LTCGTNSGFVCKGTQTQYAGGFAPGVGYGGFGGGSCTATKTPVIFIHGNGDNAISFDMPPGNVSGEGTPARSVYAELKARGYNDCEIFGVTYLSSSEQGSAQYNYHSSTKYAIIKTFIDKVKAYTGKSQVDIVAHSMGVSMSLATLQYYNNWTSVRKFINLAGGIRGLYSCYYTGYANAAAPTCGSQNYYNSYTFGFFPEGWYYGVWVSNPWTGSGSTNSMRDMPAKRTAVSFYTLSAGFKDQVGCATASFWAGCDSAAKFASTTSNVKAQINVGAGSNATQADYDWADGMPYNAGGGDTTNGVGHFRTKTNTGAIIQRMLLTTCTGLDCAAEYTTGPKAAY,1,https://doi.org/10.1111/mmi.12391 
PHB,LTCGTNSGFVCKGTQTQYAGGFAPGVGYGGFGGGSCTATKTPVIFIHGNGDNAISFDMPPGNVSGYGTPARSVYAELKARGYNDCEIFGVTYLSSSEQGSAQYNEHSSTKYAIIKTFIDKVKAYTGKSQVDIVAHSMGVSMSLATLQYYNNWTSVRKFINLAGGIRGLYSCYYTGYANAAAPTCGSQNYYNSYTFGFFPEGWYYGVWVSNPWTGSGSTNSMRDMPAKRTAVSFYTLSAGFKDQVGCATASFWAGCDSAAKFASTTSNVKAQINVGAGSNATQADYDWADGMPYNAGGGDTTNGVGHFRTKTNTGAIIQRMLLTTCTGLDCAAEYTTGPKAAY,1,https://doi.org/10.1111/mmi.12391 
PHB,LTCGTNSGFVCKGTQTQYAGGFAPGVGYGGFGGGSCTATKTPVIFIHGNGDNAISFDMPPGNVSGYGTPARSVYAELKARGYNDCEIFGVTYLSSSEQGSAQYNYHSSTKYAIIKTFIDKVKAETGKSQVDIVAHSMGVSMSLATLQYYNNWTSVRKFINLAGGIRGLYSCYYTGYANAAAPTCGSQNYYNSYTFGFFPEGWYYGVWVSNPWTGSGSTNSMRDMPAKRTAVSFYTLSAGFKDQVGCATASFWAGCDSAAKFASTTSNVKAQINVGAGSNATQADYDWADGMPYNAGGGDTTNGVGHFRTKTNTGAIIQRMLLTTCTGLDCAAEYTTGPKAAY,1,https://doi.org/10.1111/mmi.12391 
PHB,LTCGTNSGFVCKGTQTQYAGGFAPGVGYGGFGGGSCTATKTPVIFIHGNGDNAISFDMPPGNVSGYGTPARSVYAELKARGYNDCEIFGVTYLSSSEQGSAQYNYHSSTKYAIIKTFIDKVKAYTGKSQVDIVAHSMGVSMSLATLQYYNNWTSVRKFINLAGGIRGLYSCYYTGEANAAAPTCGSQNYYNSYTFGFFPEGWYYGVWVSNPWTGSGSTNSMRDMPAKRTAVSFYTLSAGFKDQVGCATASFWAGCDSAAKFASTTSNVKAQINVGAGSNATQADYDWADGMPYNAGGGDTTNGVGHFRTKTNTGAIIQRMLLTTCTGLDCAAEYTTGPKAAY,1,https://doi.org/10.1111/mmi.12391 
PHB,LTCGTNSGFVCKGTQTQYAGGFAPGVGYGGFGGGSCTATKTPVIFIHGNGDNAISFDMPPGNVSGYGTPARSVYAELKARGYNDCEIFGVTYLSSSEQGSAQYNYHSSTKYAIIKTFIDKVKAYTGKSQVDIVAHSMGVSMSLATLQYYNNWTSVRKFINLAGGIRGLYSCYYTGYANAAAPTCGSQNEYNSYTFGFFPEGWYYGVWVSNPWTGSGSTNSMRDMPAKRTAVSFYTLSAGFKDQVGCATASFWAGCDSAAKFASTTSNVKAQINVGAGSNATQADYDWADGMPYNAGGGDTTNGVGHFRTKTNTGAIIQRMLLTTCTGLDCAAEYTTGPKAAY,1,https://doi.org/10.1111/mmi.12391 
PHB,LTCGTNSGFVCKGTQTQYAGGFAPGVGYGGFGGGSCTATKTPVIFIHGNGDNAISFDMPPGNVSGYGTPARSVYAELKARGYNDCEIFGVTYLSSSEQGSAQYNYHSSTKYAIIKTFIDKVKAYTGKSQVDIVAHSMGVSMSLATLQYYNNWTSVRKFINLAGGIRGLYSCYYTGYANAAAPTCGSQNYENSYTFGFFPEGWYYGVWVSNPWTGSGSTNSMRDMPAKRTAVSFYTLSAGFKDQVGCATASFWAGCDSAAKFASTTSNVKAQINVGAGSNATQADYDWADGMPYNAGGGDTTNGVGHFRTKTNTGAIIQRMLLTTCTGLDCAAEYTTGPKAAY,1,https://doi.org/10.1111/mmi.12391 
PHB,LTCGTNSGFVCKGTQTQYAGGFAPGVGYGGFGGGSCTATKTPVIFIHGNGDNAISFDMPPGNVSGYGTPARSVYAELKARGYNDCEIFGVTYLSSSEQGSAQYNYHSSTKYAIIKTFIDKVKAYTGKSQVDIVAHSMGVSMSLATLQYYNNWTSVRKFINLAGGIRGLYSCYYTGYANAAAPTCGSQNYYNSYTFGFFPEGWYYGVEVSNPWTGSGSTNSMRDMPAKRTAVSFYTLSAGFKDQVGCATASFWAGCDSAAKFASTTSNVKAQINVGAGSNATQADYDWADGMPYNAGGGDTTNGVGHFRTKTNTGAIIQRMLLTTCTGLDCAAEYTTGPKAAY,1,https://doi.org/10.1111/mmi.12391 
PHB,LTCGTNSGFVCKGTQTQYAGGFAPGVGYGGFGGGSCTATKTPVIFIHGNGDNAISFDMPPGNVSGYGTPARSVYAELKARGYNDCEIFGVTYLSSSEQGSAQYNEHSSTKYAIIKTFIDKVKAYTGKSQVDIVAHSMGVSMSLATLQYYNNWTSVRKFINLAGGIRGLYSCYYTGYANAAAPTCGSQNEYNSYTFGFFPEGWYYGVWVSNPWTGSGSTNSMRDMPAKRTAVSFYTLSAGFKDQVGCATASFWAGCDSAAKFASTTSNVKAQINVGAGSNATQADYDWADGMPYNAGGGDTTNGVGHFRTKTNTGAIIQRMLLTTCTGLDCAAEYTTGPKAAY,1,https://doi.org/10.1111/mmi.12391 
PHB,LTCGTNSGFVCKGTQTQYAGGFAPGVGYGGFGGGSCTATKTPVIFIHGNGDNAISFDMPPGNVSGYGTPARSVYAELKARGYNDCEIFGVTYLSSSEQGSAQYNEHSSTKYAIIKTFIDKVKAYTGKSQVDIVAHSMGVSMSLATLQYYNNWTSVRKFINLAGGIRGLYSCYYTGYANAAAPTCGSQNYENSYTFGFFPEGWYYGVWVSNPWTGSGSTNSMRDMPAKRTAVSFYTLSAGFKDQVGCATASFWAGCDSAAKFASTTSNVKAQINVGAGSNATQADYDWADGMPYNAGGGDTTNGVGHFRTKTNTGAIIQRMLLTTCTGLDCAAEYTTGPKAAY,1,https://doi.org/10.1111/mmi.12391 
PHB,LTCGTNSGFVCKGTQTQYAGGFAPGVGYGGFGGGSCTATKTPVIFIHGNGDNAISFDMPPGNVSGYGTPARSVYAELKARGYNDCEIFGVTYLSSSEQGSAQYNYHSSTKYAIIKTFIDKVKAYTGKSQVDIVAHAMGVSMSLATLQYYNNWTSVRKFINLAGGIRGLYSCYYTGYANAAAPTCGSQNYYNSYTFGFFPEGWYYGVWVSNPWTGSGSTNSMRDMPAKRTAVSFYTLSAGFKDQVGCATASFWAGCDSAAKFASTTSNVKAQINVGAGSNATQADYDWADGMPYNAGGGDTTNGVGHFRTKTNTGAIIQRMLLTTCTGLDCAAEYTTGPKAAY,0,https://doi.org/10.1111/mmi.12391 
PHB,LTCGTNSGEVCKGTQTQYAGGFAPGVGYGGFGGGSCTATKTPVIFIHGNGDNAISFDMPPGNVSGYGTPARSVYAELKARGYNDCEIFGVTYLSSSEQGSAQYNYHSSTKYAIIKTFIDKVKAYTGKSQVDIVAHAMGVSMSLATLQYYNNWTSVRKFINLAGGIRGLYSCYYTGYANAAAPTCGSQNYYNSYTFGFFPEGWYYGVWVSNPWTGSGSTNSMRDMPAKRTAVSFYTLSAGFKDQVGCATASFWAGCDSAAKFASTTSNVKAQINVGAGSNATQADYDWADGMPYNAGGGDTTNGVGHFRTKTNTGAIIQRMLLTTCTGLDCAAEYTTGPKAAY,0,https://doi.org/10.1111/mmi.12391 
PHB,LTCGTNSGFVCKGTQTQYAGGFAPGVGYGGFGGGSCTATKTPVIFIHGNGDNAISFDMPPGNVSGEGTPARSVYAELKARGYNDCEIFGVTYLSSSEQGSAQYNYHSSTKYAIIKTFIDKVKAYTGKSQVDIVAHAMGVSMSLATLQYYNNWTSVRKFINLAGGIRGLYSCYYTGYANAAAPTCGSQNYYNSYTFGFFPEGWYYGVWVSNPWTGSGSTNSMRDMPAKRTAVSFYTLSAGFKDQVGCATASFWAGCDSAAKFASTTSNVKAQINVGAGSNATQADYDWADGMPYNAGGGDTTNGVGHFRTKTNTGAIIQRMLLTTCTGLDCAAEYTTGPKAAY,0,https://doi.org/10.1111/mmi.12391 
PHB,LTCGTNSGFVCKGTQTQYAGGFAPGVGYGGFGGGSCTATKTPVIFIHGNGDNAISFDMPPGNVSGYGTPARSVYAELKARGYNDCEIFGVTYLSSSEQGSAQYNEHSSTKYAIIKTFIDKVKAYTGKSQVDIVAHAMGVSMSLATLQYYNNWTSVRKFINLAGGIRGLYSCYYTGYANAAAPTCGSQNYYNSYTFGFFPEGWYYGVWVSNPWTGSGSTNSMRDMPAKRTAVSFYTLSAGFKDQVGCATASFWAGCDSAAKFASTTSNVKAQINVGAGSNATQADYDWADGMPYNAGGGDTTNGVGHFRTKTNTGAIIQRMLLTTCTGLDCAAEYTTGPKAAY,0,https://doi.org/10.1111/mmi.12391 
PHB,LTCGTNSGFVCKGTQTQYAGGFAPGVGYGGFGGGSCTATKTPVIFIHGNGDNAISFDMPPGNVSGYGTPARSVYAELKARGYNDCEIFGVTYLSSSEQGSAQYNYHSSTKYAIIKTFIDKVKAYTGKSQVDIVAHAMGVSMSLATLQYYNNWTSVRKFINLAGGIRGLYSCYYTGEANAAAPTCGSQNYYNSYTFGFFPEGWYYGVWVSNPWTGSGSTNSMRDMPAKRTAVSFYTLSAGFKDQVGCATASFWAGCDSAAKFASTTSNVKAQINVGAGSNATQADYDWADGMPYNAGGGDTTNGVGHFRTKTNTGAIIQRMLLTTCTGLDCAAEYTTGPKAAY,0,https://doi.org/10.1111/mmi.12391 
PHB,LTCGTNSGFVCKGTQTQYAGGFAPGVGYGGFGGGSCTATKTPVIFIHGNGDNAISFDMPPGNVSGYGTPARSVYAELKARGYNDCEIFGVTYLSSSEQGSAQYNYHSSTKYAIIKTFIDKVKAYTGKSQVDIVAHAMGVSMSLATLQYYNNWTSVRKFINLAGGIRGLYSCYYTGYANAAAPTCGSQNEYNSYTFGFFPEGWYYGVWVSNPWTGSGSTNSMRDMPAKRTAVSFYTLSAGFKDQVGCATASFWAGCDSAAKFASTTSNVKAQINVGAGSNATQADYDWADGMPYNAGGGDTTNGVGHFRTKTNTGAIIQRMLLTTCTGLDCAAEYTTGPKAAY,0,https://doi.org/10.1111/mmi.12391 
PHB,LTCGTNSGFVCKGTQTQYAGGFAPGVGYGGFGGGSCTATKTPVIFIHGNGDNAISFDMPPGNVSGYGTPARSVYAELKARGYNDCEIFGVTYLSSSEQGSAQYNYHSSTKYAIIKTFIDKVKAYTGKSQVDIVAHAMGVSMSLATLQYYNNWTSVRKFINLAGGIRGLYSCYYTGYANAAAPTCGSQNYENSYTFGFFPEGWYYGVWVSNPWTGSGSTNSMRDMPAKRTAVSFYTLSAGFKDQVGCATASFWAGCDSAAKFASTTSNVKAQINVGAGSNATQADYDWADGMPYNAGGGDTTNGVGHFRTKTNTGAIIQRMLLTTCTGLDCAAEYTTGPKAAY,0,https://doi.org/10.1111/mmi.12391 
PHB,LTCGTNSGFVCKGTQTQYAGGFAPGVGYGGFGGGSCTATKTPVIFIHGNGDNAISFDMPPGNVSGYGTPARSVYAELKARGYNDCEIFGVTYLSSSEQGSAQYNYHSSTKYAIIKTFIDKVKAYTGKSQVDIVAHAMGVSMSLATLQYYNNWTSVRKFINLAGGIRGLYSCYYTGYANAAAPTCGSQNYYNSYTFGFFPEGWYYGVEVSNPWTGSGSTNSMRDMPAKRTAVSFYTLSAGFKDQVGCATASFWAGCDSAAKFASTTSNVKAQINVGAGSNATQADYDWADGMPYNAGGGDTTNGVGHFRTKTNTGAIIQRMLLTTCTGLDCAAEYTTGPKAAY,0,https://doi.org/10.1111/mmi.12391 
PHB,LTCGTNSGFVCKGTQTQYAGGFAPGVGYGGFGGGSCTATKTPVIFIHGNGDNAISFDMPPGNVSGYGTPARSVYAELKARGYNDCEIFGVTYLSSSEQGSAQYNYHSSTKYAIIKTFIDKVKAYTGKSQVDIVAHAMGVSMSLATLQYYNNWTSVRKFINLAGGIRGLYSCYYTGYANAAAPTCGSQNYYNSYTFGFFPEGWYYGVWVSNPWTGSGSTNSMRDMPAKRTAVSFYTLSAGFKDQVGCATASFEAGCDSAAKFASTTSNVKAQINVGAGSNATQADYDWADGMPYNAGGGDTTNGVGHFRTKTNTGAIIQRMLLTTCTGLDCAAEYTTGPKAAY,0,https://doi.org/10.1111/mmi.12391 
PHB,LTCGTNSGFVCKGTQTQYAGGFAPGVGYGGFGGGSCTATKTPVIFIHGNGDNAISFDMPPGNVSGYGTPARSVYAELKARGYNDCEIFGVTYLSSSEQGSAQYNEHSSTKYAIIKTFIDKVKAYTGKSQVDIVAHAMGVSMSLATLQYYNNWTSVRKFINLAGGIRGLYSCYYTGYANAAAPTCGSQNEYNSYTFGFFPEGWYYGVWVSNPWTGSGSTNSMRDMPAKRTAVSFYTLSAGFKDQVGCATASFWAGCDSAAKFASTTSNVKAQINVGAGSNATQADYDWADGMPYNAGGGDTTNGVGHFRTKTNTGAIIQRMLLTTCTGLDCAAEYTTGPKAAY,0,https://doi.org/10.1111/mmi.12391 
PHB,LTCGTNSGFVCKGTQTQYAGGFAPGVGYGGFGGGSCTATKTPVIFIHGNGDNAISFDMPPGNVSGYGTPARSVYAELKARGYNDCEIFGVTYLSSSEQGSAQYNEHSSTKYAIIKTFIDKVKAYTGKSQVDIVAHAMGVSMSLATLQYYNNWTSVRKFINLAGGIRGLYSCYYTGYANAAAPTCGSQNYENSYTFGFFPEGWYYGVWVSNPWTGSGSTNSMRDMPAKRTAVSFYTLSAGFKDQVGCATASFWAGCDSAAKFASTTSNVKAQINVGAGSNATQADYDWADGMPYNAGGGDTTNGVGHFRTKTNTGAIIQRMLLTTCTGLDCAAEYTTGPKAAY,0,https://doi.org/10.1111/mmi.12391 
PHB,MLAKQIKKANSRSTLLRKSLLFAAPIILAVSSSSVYALTQVSNFGTNPGNLQMFKHVPSGMPANAPLVVALHGCTQTAAAYEASGWSALGNTHKFYVVYPQQQSGNNSNKCFNWFEPGDITRGQGEALSIKQMVDNMKANHSIDPSRVYVTGLSAGAFMTTVMAATYPDVFAGAAPIAGGPYKCATSMTSAFTCMSPGVDKTPAAWGDLARGGYSGYNGPKPKISIWHGSSDYTVAPANQNETVEQFTNYHGIDQTPDVSDTVGGFPHKVYKSANGTPLVETYTITGMGHGTPVDPGTGANQCGTAGAYILDVNVCSSYYIGQFFGIIGGGGTTTTTTSGNVTTTTAATTTTTTATQGYTQTTSATVTNHYVAGRINVTQYNVLGARYGYVTTIPLYYCPSLSGWTDKANCSPI,1,https://doi.org/10.1111/j.1432-1033.1993.tb18424.x 
PHB,MHSTQIPPQQKQKRRLRLTVLAAAASMLAAACVSGDDNNNGNGSNPNTKPANIGTVTINSYNGTTDDLLTAGLGKDGLASATAPLPANPTAPTAAELRRYAIHTNYRAIVDTTASGGYGSLYGPNVDAQGNVTGSDGKVAGVEYLAFSDDGSGQQNVTMLVQIPASFNTSKPCMITATSSGSRGVYGAIATGEWGLKRGCAVAYTDKGTGAAPHDLDTDTVPLIDGTRATRAAAGKNAQFAAPAGATSLADFTAANPHRLAFKHAHSQRNPEKDWGKFTLQAVEFAIWAINDRFGAVSANGTRQRTLDKDRIVVIASSVSNGGGAAVAAAEQDAGGLIDGVAVGEPNLNMPPNTGIVVQRGATPVAASGRTLYDYTTTANLLQHCAARATALTQAPFYTNPATATFFANRCQTLAEKGLVSGANTDEQSASALQALHDAGWEAESDDLHPSLAVFDVAAAISVNYANAYAQASVTDRLCGYSFASTLTDLKPAAIAPAALASMFATGNGVPPQPPVQLINDLDPQHGPYLNLASVSPSTLREDLNYDGANCLRSLLAGSDAAARALQAGQALTLRNGNLRGKPAVIVHGRSDGLLPVNHTSRPYLGLNRQQEGVTSKLSYVEVENAQHFDAFIGLVPGYSNRYVPLHVYLNRALDAVYDNLTAGKALPPSQVLRTTPRGGTLNTPAPALLPSNVPPFAASPAAGNAITVNANAVQVPD,1,https://doi.org/10.1128/JB.185.12.3485-3490.2003
PHB,MLYQLHEFQRSILHPLTAWAQATAKTFTNPLSPLSLVPGAPRLAAGYELLYRLGKEYEKPAFDIKSVRSNGRDIPIVEQTVLEKPFCKLVRFKRYADDPETIKLLKDEPVVLVAAPLSGHHATLLRDTVRTLLQDHKVYVTDWIDARMVPVEEGAFHLSDYIYYIQEFIRHIGAENLHVISVCQPTVPVLAAISLMASAGEKTPRTMTMMGGPIDARKSPTAVNSLATNKSFEWFENNVIYTVPANYPGHGRRVYPGFLQHAGFVAMNPDRHLSSHYDFYLSLVEGDADDAEAHVRFYDEYNAVLDMAAEYYLDTIREVFQEFRLANGTWAIDGNPVRPQDIKSTALMTVEGELDDISGAGQTAAAHDLCAGIPKIRKQHLNAAHCGHYGIFSGRRWREEIYPQLRDFIRKYHQASATR,1,https://doi.org/10.1128/JB.183.1.94-100.2001
PHB,MVRRLWRRIAGWLAACVAILCAFPLHAATAGPGAWSSQQTWAADSVNGGNLTGYFYWPASQPTTPNGKRALVLVLHGCVQTASGDVIDNANGAGFNWKSVADQYGAVILAPNATGNVYSNHCWDYANASPSRTAGHVGVLLDLVNRFVTNSQYAIDPNQVYVAGLSSGGGMTMVLGCIAPDIFAGIGINAGPPPGTTTAQIGYVPSGFTATTAANKCNAWAGSNAGKFSTQIAGAVWGTSDYTVAQAYGPMDAAAMRLVYGGNFTQGSQVSISGGGTNTPYTDSNGKVRTHEISVSGMAHAWPAGTGGDNTNYVDATHINYPVFVMDYWVKNNLRAGSGTGQAGSAPTGLAVTATTSTSVSLSWNAVANASSYGVYRNGSKVGSATATAYTDSGLIAGTTYSYTVTAVDPTAGESQPSAAVSATTKSAFTCTATTASNYAHVQAGRAHDSGGIAYANGSNQSMGLDNLFYTSTLAQTAAGYYIVGNCP,1,https://doi.org/10.1007/s00284-003-4227-x 
PHB,MHIAARKNQNSGDRAMLYHAYQIYADMILPACTLAELAAATLAANPRSGGFDAVPRLRAACELIALVRLTHHRPAFGIDHATVGGQPVPVTEEVVARTPFCSLLHFRRHGIVGQPRVLLVAPMSGHFATLLRGTVQTMLADHDVYLTDWHNPRDIPLLAGRFGFDEFVQHLIGFLQTLGGGTHLVAICQPAVAALAAAALMAEDGDPAQPPSLTLMAGPIDARVNPTKVNALAMSQPLEWFERTLIGMVPLRFAGAMRRVYPGHVQLLAFMSMNPERHEQALRELYALRERGEHDKADAIRDFYIEYFATMDLTAEFYLETVSLVFQRFLLAQGLLDVSGRRVRTRAIHRTALLTVEGERDDICAIGQTVAAQDLCSSLRPYMRMHHVQTGVGHYGVFNGRRWETQVYPLVRNTIYTSS,1,https://doi.org/10.1128/JB.185.13.3788-3794.2003 
PHB,MSASPRLGFVQCISPAGLHRMAYHEWGDPANPRVLVCAHGLTRGRDFDTVASALCGDYRVVCPDVAGRGRSEWLADANGYVVPQYVSDMVTLIARLNVEKVDWFGTSMGGLIGMGLAGLPKSPVRNVLLNDVGPKLAPSAVERIGAYLGLPVRFKTFEEGLAYLQTISASFGRHTPEQWRELNAAILKPVQGTDGLEWGLHYDPQLAVPFRKSTPEAIAAGEAALWRTFEAIEGPVLVVRGAQSDLLLRETVAEMVARGKHVSSVEVPDVGHAPTFVDPAQIAIAPQFFTGA,1,https://doi.org/10.1128/JB.187.15.5129-5135.2005
PHB,MMSSQTTQSSKFSLFLKRGLLLAAAPLLAMSASSALAATQVTGFGSNPGNLLMYKHVPSSMPANAPLVIAMHGCTQSASAYEATGWTQLANTYKFYVVYPEQQSSNNQNKCFNWFEPGDIARGQGEALSIKQMVDKMKADHSIDTNRVYVTGLSAGGYMVNVMLATYPDVFAGGAPFSGGPYNCATSMTNAFTCMSPGVDKTPAAWGDLARGGYSGYTGRKPIVSIWHGDADYTVKQSNQVEEVEQWTNYHGIDQTADVSDTVAGFPHKVYKDASGNALVETYTITGMGHGTPVDPGTGSLQCGTAGAYILDVNICSSYYVAKFWGLIGGSGTTTTTSAGTTTTTSAGTTTTKASTTTTKVSTTTTASTTTTTAGACYNSSNYAHVTAGRAHDTGGYAYTNGSNQKMGLNNTFYTSKLRKTGTNYYVIDTTCP,1,https://doi.org/10.1128/jb.177.3.596-607.1995
PHB,MQLKKSLRVTIAVLLGAGVSASAFALTPGSGTWVKESATYGTPNLQDAYLYVPKNPAPQVLGGKRALMLSLHGCGQTASTSVIDKRFNWEETAEKYGMVVVAPTVPTGTSSTRAASGCWDWFGTAHNRTTRDVVPLIKLIDAVKARTNLDIDPNQIYVSGLSAGAGETHVLGCSFPDYFAGVAPNASPSLGSAAGDISVPPKRTPQQVADMCRAINGNQFNAHLDTQIFATVYGDKDYLVLPAHNEVNRDGMKIAYDATVSAGTASVDGGGTASLFKDSRGRLRISSMVVAGMSHAWPSGPGAAPYIAWVDSTRVNYPAYVTQFFFENNLRVNKWKITCSVNVPNASSATVSASATAAAGATVASYRVALQGKTAINDNAAGSGTSLNKSYNLGNGIYAGTVTAVDSKGVESEACQLSSFQVGQLDPLYPPSDIQATGISSSSIKLNWSAVSSATAYDVRRNGGAPVRVTATQYTDTGLAPDTSYSYTVTSVNDNMTSGQSGQIIGKTQPVTYTEKVTATVTGHYSAGRINVNQYLQLGAKYGYNASLTLYKCEGVWTNSSSCGPLQ,1,https://doi.org/10.1128/jb.177.3.596-607.1995
PHB,MRNTLKAAFKLGVISAALLAPFATQAATAGPGAWSSQQTWAADSVNGGNLTGFYYWPATQPVHANGKRALVLVLHGCAQTASGDVINNGDNGYNWKAAADQYGAVILAPNATGNVSSQHCWDYSRTSHSRSTGHEYVLLDLINRFKNDPQYEIDPNQVYVTGLSSGGGETIVLGCIAPDVFAGWASNAGPTPGTTTLQIGAVPSGYTATNAKNNCLSLAGSNSSYFSTQIAGVVWGTSDFTVAPGYNPLMMDAMRQIYGGTFTKQASTSVATGGTNTTYKDSSGRVRTHELSVSGMSHAWPAGTGGQNTNYVTSQYVNYPLFVMDYFFTNNSRAGSGGGTTTTTAGGTTTTTAAGTTTTAATTTTTASSTTTTVAATCYTSSNYAHVTAGRAHNSSGYALANGSNQNMGLNNTFYTSTLKQTSPGYYVIGTCP,1,https://doi.org/10.1128/jb.177.3.596-607.1995
PHV,MLAKQIKKANSRSTLLRKSLLFAAPIILAVSSSSVYALTQVSNFGTNPGNLQMFKHVPSGMPANAPLVVALHGCTQTAAAYEASGWSALGNTHKFYVVYPQQQSGNNSNKCFNWFEPGDITRGQGEALSIKQMVDNMKANHSIDPSRVYVTGLSAGAFMTTVMAATYPDVFAGAAPIAGGPYKCATSMTSAFTCMSPGVDKTPAAWGDLARGGYSGYNGPKPKISIWHGSSDYTVAPANQNETVEQFTNYHGIDQTPDVSDTVGGFPHKVYKSANGTPLVETYTITGMGHGTPVDPGTGANQCGTAGAYILDVNVCSSYYIGQFFGIIGGGGTTTTTTSGNVTTTTAATTTTTTATQGYTQTTSATVTNHYVAGRINVTQYNVLGARYGYVTTIPLYYCPSLSGWTDKANCSPI,1,https://doi.org/10.1128/jb.177.3.596-607.1995
PHV,MMSSQTTQSSKFSLFLKRGLLLAAAPLLAMSASSALAATQVTGFGSNPGNLLMYKHVPSSMPANAPLVIAMHGCTQSASAYEATGWTQLANTYKFYVVYPEQQSSNNQNKCFNWFEPGDIARGQGEALSIKQMVDKMKADHSIDTNRVYVTGLSAGGYMVNVMLATYPDVFAGGAPFSGGPYNCATSMTNAFTCMSPGVDKTPAAWGDLARGGYSGYTGRKPIVSIWHGDADYTVKQSNQVEEVEQWTNYHGIDQTADVSDTVAGFPHKVYKDASGNALVETYTITGMGHGTPVDPGTGSLQCGTAGAYILDVNICSSYYVAKFWGLIGGSGTTTTTSAGTTTTTSAGTTTTKASTTTTKVSTTTTASTTTTTAGACYNSSNYAHVTAGRAHDTGGYAYTNGSNQKMGLNNTFYTSKLRKTGTNYYVIDTTCP,0,https://doi.org/10.1128/jb.177.3.596-607.1995
PHV,MQLKKSLRVTIAVLLGAGVSASAFALTPGSGTWVKESATYGTPNLQDAYLYVPKNPAPQVLGGKRALMLSLHGCGQTASTSVIDKRFNWEETAEKYGMVVVAPTVPTGTSSTRAASGCWDWFGTAHNRTTRDVVPLIKLIDAVKARTNLDIDPNQIYVSGLSAGAGETHVLGCSFPDYFAGVAPNASPSLGSAAGDISVPPKRTPQQVADMCRAINGNQFNAHLDTQIFATVYGDKDYLVLPAHNEVNRDGMKIAYDATVSAGTASVDGGGTASLFKDSRGRLRISSMVVAGMSHAWPSGPGAAPYIAWVDSTRVNYPAYVTQFFFENNLRVNKWKITCSVNVPNASSATVSASATAAAGATVASYRVALQGKTAINDNAAGSGTSLNKSYNLGNGIYAGTVTAVDSKGVESEACQLSSFQVGQLDPLYPPSDIQATGISSSSIKLNWSAVSSATAYDVRRNGGAPVRVTATQYTDTGLAPDTSYSYTVTSVNDNMTSGQSGQIIGKTQPVTYTEKVTATVTGHYSAGRINVNQYLQLGAKYGYNASLTLYKCEGVWTNSSSCGPLQ,0,https://doi.org/10.1128/jb.177.3.596-607.1995
PHV,MRNTLKAAFKLGVISAALLAPFATQAATAGPGAWSSQQTWAADSVNGGNLTGFYYWPATQPVHANGKRALVLVLHGCAQTASGDVINNGDNGYNWKAAADQYGAVILAPNATGNVSSQHCWDYSRTSHSRSTGHEYVLLDLINRFKNDPQYEIDPNQVYVTGLSSGGGETIVLGCIAPDVFAGWASNAGPTPGTTTLQIGAVPSGYTATNAKNNCLSLAGSNSSYFSTQIAGVVWGTSDFTVAPGYNPLMMDAMRQIYGGTFTKQASTSVATGGTNTTYKDSSGRVRTHELSVSGMSHAWPAGTGGQNTNYVTSQYVNYPLFVMDYFFTNNSRAGSGGGTTTTTAGGTTTTTAAGTTTTAATTTTTASSTTTTVAATCYTSSNYAHVTAGRAHNSSGYALANGSNQNMGLNNTFYTSTLKQTSPGYYVIGTCP,1,https://doi.org/10.1128/jb.177.3.596-607.1995
PCL,MLAKQIKKANSRSTLLRKSLLFAAPIILAVSSSSVYALTQVSNFGTNPGNLQMFKHVPSGMPANAPLVVALHGCTQTAAAYEASGWSALGNTHKFYVVYPQQQSGNNSNKCFNWFEPGDITRGQGEALSIKQMVDNMKANHSIDPSRVYVTGLSAGAFMTTVMAATYPDVFAGAAPIAGGPYKCATSMTSAFTCMSPGVDKTPAAWGDLARGGYSGYNGPKPKISIWHGSSDYTVAPANQNETVEQFTNYHGIDQTPDVSDTVGGFPHKVYKSANGTPLVETYTITGMGHGTPVDPGTGANQCGTAGAYILDVNVCSSYYIGQFFGIIGGGGTTTTTTSGNVTTTTAATTTTTTATQGYTQTTSATVTNHYVAGRINVTQYNVLGARYGYVTTIPLYYCPSLSGWTDKANCSPI,0,https://doi.org/10.1128/jb.177.3.596-607.1995
PCL,MMSSQTTQSSKFSLFLKRGLLLAAAPLLAMSASSALAATQVTGFGSNPGNLLMYKHVPSSMPANAPLVIAMHGCTQSASAYEATGWTQLANTYKFYVVYPEQQSSNNQNKCFNWFEPGDIARGQGEALSIKQMVDKMKADHSIDTNRVYVTGLSAGGYMVNVMLATYPDVFAGGAPFSGGPYNCATSMTNAFTCMSPGVDKTPAAWGDLARGGYSGYTGRKPIVSIWHGDADYTVKQSNQVEEVEQWTNYHGIDQTADVSDTVAGFPHKVYKDASGNALVETYTITGMGHGTPVDPGTGSLQCGTAGAYILDVNICSSYYVAKFWGLIGGSGTTTTTSAGTTTTTSAGTTTTKASTTTTKVSTTTTASTTTTTAGACYNSSNYAHVTAGRAHDTGGYAYTNGSNQKMGLNNTFYTSKLRKTGTNYYVIDTTCP,0,https://doi.org/10.1128/jb.177.3.596-607.1995
PCL,MQLKKSLRVTIAVLLGAGVSASAFALTPGSGTWVKESATYGTPNLQDAYLYVPKNPAPQVLGGKRALMLSLHGCGQTASTSVIDKRFNWEETAEKYGMVVVAPTVPTGTSSTRAASGCWDWFGTAHNRTTRDVVPLIKLIDAVKARTNLDIDPNQIYVSGLSAGAGETHVLGCSFPDYFAGVAPNASPSLGSAAGDISVPPKRTPQQVADMCRAINGNQFNAHLDTQIFATVYGDKDYLVLPAHNEVNRDGMKIAYDATVSAGTASVDGGGTASLFKDSRGRLRISSMVVAGMSHAWPSGPGAAPYIAWVDSTRVNYPAYVTQFFFENNLRVNKWKITCSVNVPNASSATVSASATAAAGATVASYRVALQGKTAINDNAAGSGTSLNKSYNLGNGIYAGTVTAVDSKGVESEACQLSSFQVGQLDPLYPPSDIQATGISSSSIKLNWSAVSSATAYDVRRNGGAPVRVTATQYTDTGLAPDTSYSYTVTSVNDNMTSGQSGQIIGKTQPVTYTEKVTATVTGHYSAGRINVNQYLQLGAKYGYNASLTLYKCEGVWTNSSSCGPLQ,0,https://doi.org/10.1128/jb.177.3.596-607.1995
PCL,MRNTLKAAFKLGVISAALLAPFATQAATAGPGAWSSQQTWAADSVNGGNLTGFYYWPATQPVHANGKRALVLVLHGCAQTASGDVINNGDNGYNWKAAADQYGAVILAPNATGNVSSQHCWDYSRTSHSRSTGHEYVLLDLINRFKNDPQYEIDPNQVYVTGLSSGGGETIVLGCIAPDVFAGWASNAGPTPGTTTLQIGAVPSGYTATNAKNNCLSLAGSNSSYFSTQIAGVVWGTSDFTVAPGYNPLMMDAMRQIYGGTFTKQASTSVATGGTNTTYKDSSGRVRTHELSVSGMSHAWPAGTGGQNTNYVTSQYVNYPLFVMDYFFTNNSRAGSGGGTTTTTAGGTTTTTAAGTTTTAATTTTTASSTTTTVAATCYTSSNYAHVTAGRAHNSSGYALANGSNQNMGLNNTFYTSTLKQTSPGYYVIGTCP,0,https://doi.org/10.1128/jb.177.3.596-607.1995
PHB,MTKSFAADWHAQIRRLSRAQARTEAQVKSWLDRVDSLNPLTPARPDRPPGKVRPARPAPAPGSLPGTWQAHRLRLAPLPGELVPQLSYHLYIPSKAHRGPLPVVVVLHGCRQTPDDLSAGTRMNALAEREGFIVAYPQQPLRRQVQRCWQWFDLGAAEGGREAQAVAALIDALAARHDVREREIYLAGMSAGAAMAAVVALRYPGKVAAAALHSGVVIGAADNPRAGLRAMQQGSAADPSWLLDAAGVTPGGPEMPALVIHGLADDAVHPVNGRLLARQFLAYNGLEDRLAGAPAQSGPEDEAPGRSHEYRFGRWRRDLVTLVEVEGLGHAWSGGDASYGYHSDIGPDASTMMWQFFSQHRR,1,https://doi.org/10.1128/AEM.01056-14 
PHB,MPRSSGAKLWSTLNKAAARNARRLQRAVNQNLTRPMTEAIVRNAVKQSAAVTAATQRALSGVVSPVQAPQNRGSGRWEEGAWGAPVAPRRYRIFVPAGVTASRRAPMLVLLHGCGQDAASFAAVTRAAAVAREAGWVVLLPEQTSQANAQRCWNWFRPGAQGGVEAGLLMALIDQACRGHPVAADRISVLGLSAGGAMALMLGLRYPGRFAAVGSHSGAVPWSASNAAQAARAMRGGHGPDAKAMQALRFGLAGRRPPPLLLLHGDADHVVDFSNATAAAGMWMHLQPEDAHALSAAPARRIQRGMRRAMDVFDWAEGKSPYVRLVRIEGLGHAWSGGAGGQAFSDPAGPDGLKLALRFFLEVGG,1,https://doi.org/10.1128/AEM.01056-14 
PET,NPYARGPNPTAASLEASAGPFTVRSFTVSRPSGYGAGTVYYPTNAGGTVGAIAIVPGYTARQSSIKWWGPRLASHGFVVITIDTNSTLDQPSSRSSQQMAALRQVASLNGTSSSPIYGKVDTARMGVMGWSMGGGGSLIRAANNPSLKAAAPQAPWDSSTNFSSVTVPTLIFACENDSIAPVNSSALPIYDSMSRNAKQFLEINGGSHSCANSGNSNQALIGKKGVAWMKRFMDNDTRYSTFACENPNSTRVSDFRTANCS,1,https://doi.org/10.1016/j.biortech.2022.128026 
PET,NPYARGPNPTAASLEASAGPFTVRSFTVSRPSGYGAGTVYYPTNAGGTVGAIAIVPGYTARQSSIKWWGPRLASHGFVVITIDTNSTLDQPKSRSSQQMAALRQVASLNGTSSSPIYGKVDTARMGVMGWSMGGGGSLIRAANNPSLKAAAPQAPWDSSTNFSSVTVPTLIFACENDSIAPVNSSALPIYDSMSRNAKQFLEINGGSHSCANSGNSNQALIGKKGVAWMKRFMDNDTRYSTFACENPNSTAVSDFRTANCS,1,https://doi.org/10.1016/j.biortech.2022.128026 
PET,NPYARGPNPTAASLEASAGPFTVRSFTVSRPSGYGAGTVYYPTNAGGTVGAIAIVPGYTARQSSIKWWGPRLASHGFVVITIDTNSTLDQPKSRSSQQMAALRQVASLNGTSSSPIYGKVDTARMGVMGWSMGGGGSLISAANNPSLKAAAPQAPWDSSTNFSSVTVPTLIFACENDSIAPVNSSALPIYDSMSRNAKQFLEINGGSHSCANSGNSNQALIGKKGVAWMKRFMDNDTRYSTFACENPNSTAVSDFRTANCS,1,https://doi.org/10.1016/j.biortech.2022.128026 
PET,mkknlnkiatiillvfsmtltnfsmivraaepkaqgtqkvessttkkevkdaeetikiptledidnlidsaeevkseedinkmpplkfpvefpevntrsiiggnnypivlvhgfmgfgrdellgykywggvvdlqeklnasghetytatvgpvssnwdracelyayivggtvdygeahakkfkhnrygrtypgiyknisnenkihlighsmggqtirtltqllsegseeeincgqenisplfeggkhwihsvstistpndgttlsdlmpakdlisytfgvlgtitgknklfssiydlkldqwglkkqngesqrdyiervldsniwnstkdiatydlstegaqelntwvkaqpdvyyfswttqatkesiltghsvaqigpmnpifyptanlmgrysrnqkdlpiidkkwfpndgvvncisqdgpklgsndvieqynggvkigqwnampriintdhmdivgtfgnvkdwymdyasflsnlsr,1,https://doi.org/10.1002/bit.25874 
PET,mkksyfkrimvsiiiictvfcftsistvkaagnsdamgvgnnypivmvhgcfgwgsnegaglyywggkesltqkltekgytvyspsigpvssnwdracelytyivggtvdygeshskkygherygrsypgvykqigtkdssgnvqkihlighsmggqtirllaqllengdpnelsfttdgsinslftggkswvssitsiatphdgsqeahikcdieplthqfvaaiaaikgknvnlddlnydfqldqwglkrkpgesrlaynnrvikseiwkktkdlsvwdlspegarefnsyvkaqsdidyfsiacvnthedklthfqvpnkkmnpvlvkssifmgmytnnksgevpidkswwrndgvvsvisainpkvgstdkivdysgtavkgtwnylgeldntdhievcgmkydrkgieqmyfnvaemlsklpve,0,https://doi.org/10.1002/bit.25874 
PE,mffnlwfhcnsvtvyflteyfilnnlfavdpnlvniqkkvllllenwkqvdpddeyykigkeynieaniesytnrevvteflslyktgftaknqifsiyyenqalevralyrlfyyakdfetfyktaafarvwlnegqfiyafyiavihradtrgivlpapyeiwpeyfvnsdvlakinriqmqkglilpetaqyygvlakdnayyfyanysgpwtyennenllsyfiedvawnsyyyyfhsklqfwekgenaigpfkerrgeiyyfiyqqilaryylerlsnglgeiprfnwndrlqagyyplltthqipfaqrngdyylanddniediqfvdsyektflqflqkgqfkaykqevdlynsksvnfvgnywqanvdlyekvpqrnylrsyedaarrilgaaprnsyenlnvptaldfyqtslrdpafyqlyakildfinqykeylepytqdvlhfvgvkindvkvdklvtyfeyfdwnatnavylseqqldtgspsyivrqprlnnqpftvtidiksdveseavikifigpkydgngypidlennwvnlveidwfthkltsgqnkierksenffwfkedsvsvskiyellnngqvprymiekflllprrlllprgteggvpfqffvfvypyqapykewepmkefvvdnkpfgypfdrpvtesyyftqpnmyfkdvyiyqegeeypyytsywsqnqvpkh,1,https://doi.org/10.1038/s41467-022-33127-w 
PE,mgrlvlcvlallvgggisdpvkklqrtvdqtvldrqyklltlffhphepihikeqqeiaaswdlekniglyenatavhltiqmlhnnyqvprgvpftvlesvhrfeisvyysllysaktydtfyktavflrqhvnenlfvnvlsvvilhrsdtqdirippiydvfpsyfhngeimttaqritthgqrmlehypstyvwennvvirhnetawpyycntesmpvsyfthdvtlnalyyniklaypiwlrsdacaikekrgelfffwnkqllaryymerlsvglgeipelglneveegyvsgllyhngipypvrpnhlvlnhqtwhaeaieeievyenrirdmidqgfyitntgehvsinspdsidvlgrlieanvdspnvqyykdfisiwkkvlgnslvhesvafngiplvvpsvleqyqtalrdpayymimkrvlklfnlwhehlphyttkelsvpsvkiekvevdklltyfeytnfnvtnhlhlneiecnnvintksvlvqrtrlnhkvftvrvnvksgvakhvtvrfflapkydsvgneiplnvntqnfllidifnyelkegdnlitrvssdnllvtdeidsasvlfnkvdsalqghgqymlnmkqnilktprhlllpkgrvggmpfvlmvyiseyhapndvhrgtvetstidntirltsdtlgfpvdrplfpwmltgveniflqdvqiyhkpttevtgvpvyve,0,https://doi.org/10.1038/s41467-022-33127-w 
PBSA,MHLRNIVIALAATAVASPVDLQDRQLTGGDELRDGPCKPITFIFARASTEPGLLGISTGPAVCNRLKLARSGDVACQGVGPRYTADLPSNALPEGTSQAAIAEAQGLFEQAVSKCPDTQIVAGGYSQGTAVMNGAIKRLSADVQDKIKGVVLFGYTRNAQERGQIANFPKDKVKVYCAVGDLVCLGTLIVAPPHFSYLSDTGDASDFLLSQLG,1,https://doi.org/10.1007/s00253-004-1853-6 
PBS,MHLRNIVIALAATAVASPVDLQDRQLTGGDELRDGPCKPITFIFARASTEPGLLGISTGPAVCNRLKLARSGDVACQGVGPRYTADLPSNALPEGTSQAAIAEAQGLFEQAVSKCPDTQIVAGGYSQGTAVMNGAIKRLSADVQDKIKGVVLFGYTRNAQERGQIANFPKDKVKVYCAVGDLVCLGTLIVAPPHFSYLSDTGDASDFLLSQLG,1,https://doi.org/10.1007/s00253-004-1853-6 
PLA,MHLRNIVIALAATAVASPVDLQDRQLTGGDELRDGPCKPITFIFARASTEPGLLGISTGPAVCNRLKLARSGDVACQGVGPRYTADLPSNALPEGTSQAAIAEAQGLFEQAVSKCPDTQIVAGGYSQGTAVMNGAIKRLSADVQDKIKGVVLFGYTRNAQERGQIANFPKDKVKVYCAVGDLVCLGTLIVAPPHFSYLSDTGDASDFLLSQLG,1,https://doi.org/10.1007/s00253-004-1853-6 
PCL,MQFKSTFAALVLAAAGLVQAAPLQERAGCSSYVIINTRGTSEPQGPSVGFRTMNTRIRSAVSGGSEYDTVYPAGIDQNSAQGTANIVAQVKAGLARNPNTCFLLEGYSQGAAATCNALPQLTGAAFDAVKGVILIGNPEHKPNLACNVDGNGGKTTFSARGISAAFTQGVPSNWVSKTLDICIYGDGVCDVSSGFGITPQHLTYGYNTNVQTMGANFGIKALQG,1,https://doi.org/10.1007/s00253-012-4188-8 
PLA,MQFKSTFAALVLAAAGLVQAAPLQERAGCSSYVIINTRGTSEPQGPSVGFRTMNTRIRSAVSGGSEYDTVYPAGIDQNSAQGTANIVAQVKAGLARNPNTCFLLEGYSQGAAATCNALPQLTGAAFDAVKGVILIGNPEHKPNLACNVDGNGGKTTFSARGISAAFTQGVPSNWVSKTLDICIYGDGVCDVSSGFGITPQHLTYGYNTNVQTMGANFGIKALQG,1,https://doi.org/10.1007/s00253-012-4188-8 
PBS,MQFKSTFAALVLAAAGLVQAAPLQERAGCSSYVIINTRGTSEPQGPSVGFRTMNTRIRSAVSGGSEYDTVYPAGIDQNSAQGTANIVAQVKAGLARNPNTCFLLEGYSQGAAATCNALPQLTGAAFDAVKGVILIGNPEHKPNLACNVDGNGGKTTFSARGISAAFTQGVPSNWVSKTLDICIYGDGVCDVSSGFGITPQHLTYGYNTNVQTMGANFGIKALQG,1,https://doi.org/10.1007/s00253-012-4188-8 
PU,MAITLYSYHNLDNGFAVGYQNNGLGLGLPATLVSALIGGSNAQGVIPGIPWNPDSEKPALEAVQAAGWTPISASTLGYTARSMHAAPTLAKNSATARRRPRCWASTMTLATAGNRHQFPRHFRASGKCDHRLHRRCDQRPARRLRAQGLCQELRGGGFWRVAQRLADTPLPGLGGNDVVVSGHSLGGMAVNSMADLSDSTWSGFYKDANYLAYASPTQSAGDKVLNVGYENDPVFRALDGSSFNLSSLGVHDKAHESSTDNIVSLNDHYASSLWNVLPFSILNLPTWVSHLPTGYGDGMTRILDSGFYEQMTRDSTVIVANLSDPARATTWVQDLNRNAEAHKGNTFIIGSDGDDFIKGGRGADFIEGGKGNDTIRDSSGHNTFLFSGQFGNDRVIGYQATDKLVFNDVAGSTDYRDHVKVVGGDTVIGFGTDSVTLVGVSSLSGEGIVIS,1,https://doi.org/10.1016/S0964-8305(99)00074-8 
PHB,MKRLFIAGMIFMLFFSLGAVSSSAAGSFTSKTYNGRTYKLYVPSSYQGGAALPLVVMLHGCTQDPDQFAAGTQMNALAETEKFLVLYPEQPSSANSNKCWNWFDTAHQSRGSGEPALIAGMVNQIKSSYSIDADQVFVGGLSAGAAMSVIMGATYPDIFAAISVGAGLEYKAATSVTGAYTAMSSGGPNPIQQGDLAYSAMGEHKRVVPVILFHGTADYTVAPINAHQILSQWAQTNDRASDGLDNNNIDDTADQTLPGTVSGGRSYTQYIYKDTAGKTVMEKYMIEGMGHAWPGGSTSGSYTDPKGPNATTLSWNFFKSHPKNSDAPNPGDISPPVTAASPAGGTYGSSVSVTLSTNEPATTYYTLDGSTPTVNSLKYSEPISINSSKTIKFFSVDAAGNQEGVKTEVYQISGTSEKSSVFSSLAAEDGFIGNLSADGMSSSIHKIGDKGMYNTDTYRTILSFDTSSLPDDAIITDVSLKIYRKSSTGNISSLKGDIKTGVFGTSSALEQIDYQASPSISAAFQMSVPSLDNGYTTIQLPSSLLGYMNRNGKTQFRLSSSGSADFLSDVVEIYGGDNPAYAPTLTVSYK,1,https://doi.org/10.1111/j.1574-6968.2006.00448.x
PE,MKFSIISTLLAATASALPAGQDAAALEARQLGGSITRNDLANGNSGSCPGVIFIYARGSTESGNLGTLGPRVASKLEAKYGKNGVWIQGVGGAYRATLGDNALPRGTSSAAIREMLGHFSDANQKCPDAVLIAGGYSQGAALAAASVTDVDAGIREKIAGVVLFGYTKNLQNRGKIPSYPEDRTKVFCNTGDLVCTGSLIVAAPHLAYQSAASGAAPEFLIQKADAAGAA,0,
PE,MAFNFIRAAAAGAAMALCGVGSVHAAVNLPALKIDKTQTTVSGLSSGGFMAVQLHVAYSATFAKGAGVVAGGPFYCAEGSIVNATGRCMASPAGIPTSTLVSTTNTWASQGVIDPVANLQNSKVYLFSGTLDSVVKTGVMDALRTYYNSFVPAANVVYKKDIAAEHAMVTDDYGNACSTKGAPYISDCNFDLAGAMLQHLYGTLNARNNATLPTGNYIEFNQSEFITNHGMATTGWAYVPQACQAGGTATCKLHVVLHGCKQNIGDVQQQYVRNTGYNRWADTNNIVMLYPQTSTAATNSCWDWWGYDSANYSKKSGPQMAAIKAMVDRVSSGTGGTTPPDPVALPAPTGVSTSGATASSMAIGWAAVMGAASYNVYRNANKVNALPVTATSYTDTGLAASTTYSWTVRAADANGAEGATSAAASGTTLAASGGGTATCTTASNYAHTLAGRAYAAGGYTYALGSNQNMGLWNVFVTNTLKQTSTNYYVIGTCP,0,
PE,MYFTDESSPAMNRVGKKRNRLSFVCQACRKAKTKCDQEKPRCGRCTKQNLFCIYDVARQAAPRNPNKDATIARLKKEIRYWRNKTVDLTQEKKDFYTALKRPTEELAARRTCKSLQENSFPISLYKTHPRLIMTKVMKREINPLSEKYLIFQDTFLKTLIASVLLSCSRNSMIPALNADISRSRTQPCVKNNVVKMREVLLKNSKYESQRKSINEFTDRLLQRKNPEEQIAVNKVISLLYSNRESSYLEDTCPTENDYSDLLKGYINEIEKTLPPKAIIEQYLSHFFEHIFHLIPFASKEMLEESIHTTVQYNELGEVRLSMGTTLIRNKMENLCILLLILRIAYISLTFIEDKIEDYSPYITKEMLEQYPIQSEVIFLAQQILASENWCACANENTISCLLYIWCAFVFSPTEGDFLLEQPSDVIINLVILIGTSIGLHRDPSDFPALNHPEASDKRLLNLRRIQWLSIISMATLESSLKGRLLVSPLSMIDLFIDVRDPNCVEIYKKRVKKDLTGSESDEQLLEIHEIFFHRAQLALFLSDLNNITISYSGSVPMDTLETLRVKANELLKNKFQLRSVDINIYDEEKTFQKLTFNSILNSISLSGQILGKLMMLRASIALMLYFETLAMERSECLSFFYKYFFQCCADTISLIRFFFLYFNGSYEKVLSSLVCFITTKVIQLAVPTTMFTLLVIIMRVELAKNMLLVKCNECNARGDISDLPEIKEKIKSLDTIKENFERLLLEVYLLASQNLRFKYFYIFKMLTLFDVFIQRLRKGQLFSGLFVKVDKDLTTKKIATMLELTLGINLDKSDHLIDRLKGKNLTVNFTLDQLYQIIKEFDRIKNIGVADPQNSLNPSKPNMKDNTPTIELLLNSSVENESVPPYSSSNDPTNVGNASTYSLAHNISNQNNEENMPPSIGSSESNRAAPNLNFMPINNNYNNSGSNINNNDNVKLPSNFKNYYDPPMSSLDISMDVPDIFGSLDFFDYDLLFQND,0,
PE,MKQSTIALALLPLLFTPVTKAAPTSNPAQELEARQLGRTTRDDLINGNSASCADVIFIYARGSTETGNLGTLGPSIASNLESAFGKDGVWIQGVGGAYRATLGDNALPRGTSSAAIREMLGLFQQANTKCPDATLIAGGYSQGAALAAASIEDLDSAIRDKIAGTVLFGYTKNLQNRGRIPNYPADRTKVFCNTGDLVCTGSLIVAAPHLAYGPDARGPAPEFLIEKVRAVRGSALEHHHHHH,0,
PE,MQTNPYARGPNPTAASLEASAGPFTVRSFTVSRPSGYGAGTVYYPTNAGGTVGAIAIVPGYTARQSSIKWWGPRLASHGFVVITIDTNSTLDQPSSRSSQQMAALRQVASLNGTSSSPIYGKVDTARMGVMGWSMGGGGSLISAANNPSLKAAAPQAPWDSSTNFSSVTVPTLIFACENDSIAPVNSSALPIYDSMSRNAKQFLEINGGSHSCANSGNSNQALIGKKGVAWMKRFMDNDTRYSTFACENPNSTRVSDFRTANCSLEHHHHHH,0,
PE,MANPYERGPNPTDALLEASSGPFSVSEENVSRLSASGFGGGTIYYPRENNTYGAVAISPGYTGTEASIAWLGERIASHGFVVITIDTITTLDQPDSRAEQLNAALNHMINRASSTVRSRIDSSRLAVMGHSMGGGGTLRLASQRPDLKAAIPLTPWHLNKNWSSVTVPTLIIGADLDTIAPVATHAKPFYNSLPSSISKAYLELDGATHFAPNIPNKIIGKYSVAWLKRFVDNDTRYTQFLCPGPRDGLFGEVEEYRSTCPFLEHHHHHH,0,
PE,MANPYERGPNPTDALLEARSGPFSVSEERASRFGADGFGGGTIYYPRENNTYGAVAISPGYTGTQASVAWLGKRIASHGFVVITIDTNTTLDQPDSRARQLNAALDYMINDASSAVRSRIDSSRLAVMGHSMGGGGSLRLASQRPDLKAAIPLTPWHLNKNWSSVRVPTLIIGADLDTIAPVLTHARPFYNSLPTSISKAYLELDGATHFAPNIPNKIIGKYSVAWLKRFVDNDTRYTQFLCPGPRDGLFGEVEEYRSTCPFLEHHHHHH,0,
PE,SNPYQRGPNPTRSALTADGPFSVATYTVSRLSVSGFGGGVIYYPTGTSLTFGGIAMSPGYTADASSLAWLGRRLASHGFVVLVINTNSRFDYPDSRASQLSAALNYLRTSSPSAVRARLDANRLAVAGHSMGGGGTLRIAEQNPSLKAAVPLTPWHTDKTFNTSVPVLIVGAEADTVAPVSQHAIPFYQNLPSTTPKVYVELDNASHFAPNSNNAAISVYTISWMKLWVDNDTRYRQFLCNVNDPALSDFRTNNRHCQLEHHHHHH,0,
PE,MDGVLWRVRTAALMAALLALAAWALVWASPSVEAQSNPYQRGPNPTRSALTADGPFSVATYTVSRLSVSGFGGGVIYYPTGTSLTFGGIAMSPGYTADASSLAWLGRRLASHGFVVLVINTNSRFDYPDSRASQLSAALNYLRTSSPSAVRARLDANRLAVAGHSMGGGGTLRIAEQNPSLKAAVPLTPWHTDKTFNTSVPVLIVGAEADTVAPVSQHAIPFYQNLPSTTPKVYVELDNASHFAPNSNNAAISVYTISWMKLWVDNDTRYRQFLCNVNDPALSDFRTNNRHCQ,0,
PE,MKFFALTTLLAATASALPTSNPAQELEARQLGRTTRDDLINGNSASCRDVIFIYARGSTETGNLGTLGPSIASNLESAFGKDGVWIQGVGGAYRATLGDNALPRGTSSAAIREMLGLFQQANTKCPDATLIAGGYSQGAALAAASIEDLDSAIRDKIAGTVLFGYTKNLQNRGRIPNYPADRTKVFCNTGDLVCTGSLIVAAPHLAYGPDARGPAPEFLIEKVRAVRGSA,0,
PE,QLGAIENGLESGSANACPDAILIFARGSTEPGNMGITVGPALANGLESHIRNIWIQGVGGPYDAALATNFLPRGTSQANIDEGKRLFALANQKCPNTPVVAGGYSQGAALIAAAVSELSGAVKEQVKGVALFGYTQNLQNRGGIPNYPRERTKVFCNVGDAVCTGTLIITPAHLSYTIEARGEAARFLRDRIRA,0,
PE,ANPYERGPNPTDALLEASSGPFSVSEENVSRLSASGFGGGTIYYPRENNTYGAVAISPGYTGTEASIAWLGERIASHGFVVITIDTITTLDQPDSRAEQLNAALNHMINRASSTVRSRIDSSRLAVMGHSMGGGGTLRKASQRPDLKAAIPLTPWHLNKNWSSVTVPTLIIGADLDTIAPVATHAKPFYNSLPSSISKAYLELDGATHFAPNIPNKIIGKYSVAWLKRFVDNDTRYTQFLCPGPRDGLFGEVEEYRSTCPF,0,
PE,MANPYERGPNPTDALLEASSGPFSVSEENVSRLSASGFGGGTIYYPRENNTYGAVAISPGYTGTEASIAWLGGRIASHGFVVITIDTITTLDQPDSRAEQLNAALNHMINRASSTVRSRIDSSRLAVMGHSMGGGGTPRLASQRPDLKAAIPLTPWHLNKNRSSVTVPTLIIGADLDTIAPVATHAKPFYNSLPSSISKAYLELDGATHFAPNIPNKIIGKYSVAWLKRFVDNDTRYTQFLCPGPRDGLFGEVEEYCSTCPF,0,
PE,NPYARGPNPTAASLEASAGPFTVRSFTVSRPSGYGAGTVYYPTNAGGTVGAIAIVPGYTARQSSIKWWGPRLASHGFVVITIDTNSTLDQPSSRSSQQMAALRQVASLNGTSSSPIYGKVDTARMGVMGWSMGGGGSLISAANNPSLKAAAPQAPWDSSTNFSSVTVPTLIFACENDSIAPVNSSALPIYDSMSRNAKQFLEINGGSHSCANSGNSNQALIGKKGVAWMKRFMDNDTRYSTFACENPNSTRVSDFRTANCS,0,
PE,MNFPRASRLMQAAVLGGLMAVSAAATAQTNPYARGPNPTAASLEASAGPFTVRSFTVSRPSGYGAGTVYYPTNAGGTVGAIAIVPGYTARQSSIKWWGPRLASHGFVVITIDTNSTLDQPSSRSSQQMAALRQVASLNGTSSSPIYGKVDTARMGVMGWSMGGGGSLISAANNPSLKAAAPQAPWDSSTNFSSVTVPTLIFACENDSIAPVNSSALPIYDSMSRNAKQFLEINGGSHSCANSGNSNQALIGKKGVAWMKRFMDNDTRYSTFACENPNSTRVSDFRTANCS,0,
PE,MGVFDYKNFTASDSKALFSDALAITLYSYHNIDNGFAEGYQHNGFGLGLPATLVTALIGSGNSQGVIPGIPWNPDSEKAALDALHQAGWSTISAQQLGYDGKVDGRGTFFGEKAGYGTAQVEILGKYDAQGHLESIGIAFRGTSGPRESVISDTIGDVINDLLAALGPKDYAKNYAGEAFGKLLGDVAAFAQANGLSGKDVLVSGHSLGGLGVNSLADLSSERWSGFYKDSNYIAYASPTQSASDKVLNIGYENDPVFRVLDGSTFKLSSLGVHDAHQDSATNNIVNFNDHYASTLWNVLPFSILNIPTWLSHLPTGYGDGLTRVLESKFYDFTSKDSTIVVANLSDPARASTWVQDLNRNAETHKGSTFIIGSDGNDLIQGGSGNDYLEGRAGNDTFRDSGGYNIILGGQGSNTLDLQQSVKNYSFASDGAGTLYLRDANGGISMTRDIGAIQSKEPGFLWGLFKDDVIHQVTDQGLKAGGQLTQYASSVRGDAGDNVLKAHAGGDWLFGLDGNDHLIGGQGNDVFVGGAGNDLMEAGGGNNTFLFTGHFGQDRILGYQGGDKLVFMGVSGVLPDQDYRAHASSSGNDTVLTFGQDSVTLVGVSLEHLNGSGIVLA,0,
PE,MSMSIFDYKTALGGDGKALYSEAITLALYASTPTGEALPGTAWRPISVSQLGYQGNVSAQGTISGEQAIVSDAQSRCWANTTRPGSCCPSASSFRGTRQPQGRYQRLAGGLRVGLLPTTTSRLAFDNLLGKVAAFAAAQGLSGSDVLVTGHSLGGLGGQPRGGHEQRSLGRLLPGRQLLGFASPTQSANSSQVLNIGYETTRCSAPWTALISTALSLGTHWQAPGVATNNIVSFTDHYSSFLGEVDSPEHPQSAVLVGPQCGGLRRGLNRLINSDFYDLTSRDSTVVISNLSEGKRDQVWVKDLNLYAEKHTGSTFIIGTQSNDLLHGGKGNDYLDGGAGDDRFRDDGGYNIIHGGQGHNVLELQQPLKNFSIANDGDGTLYIRDAYGGISMTRDVGALVSHETGSWWQLFGKDVSHSVTADGLQNGNQWTAYNHSLNGDAYGNALVASVDGDWLFGHGGDDLLSSDKANVTFVGGTGNDVMHSSGGGGNTFLFSGNFGFDLIHGYQNTDKLVFMGVPGVDAHYDYSQHLSQNGNDTLVQVFGEFLRVNPWWGSAWTSLSGSGLVFA,0,
PE,MNSRSLTKAIRFPTILALAGFSVLGACGGSDNDSSSNNQGAPAVAITVAGQVQAVDRLGMRRYFGIPFAAPPVGNLRWMPPAPPQSWAAPLAKTQSNAPCMQTGATDPLRLPNGTEDCLYLDVHAPATGEGPFPVMVWIHGGAFSIGGTITYADPSPLVSKGVIVVNIAYRMGAMGFLGHPSLRAADGTVGNYGIMDQQAALRWVQDNIAAFGGDKSNVTIFGESAGGFSVMTHLASPLSKGLFAKAIVQSGGYGFDRQLTQAQLEAQSTSIVNSALAAAGVSCPTVDAACLRGLSAELVNNQLATAFTTANWSPVPSVDGKVLPKSIKATFVAGENNKVPLVNGSNQDEWSYFVASRELVAGPLTAAQYPSYLQTSLGLPPSLATVYPLTDYGTNTAQQPSLAATAAGTDMHFSCPALNLSKRVLSQATPIFMYEFRDRTAIPSIGRNTISFNQGAGHTYELQYLFNLRDLETAEHRDLQASMARYWTNFARTSNPNNGDPVATSWP,0,
PE,ASPGLNTHRARGARGGLYARGGLNLEUARGVALARGLEUGLYMETVALALAPROGLYLEUGLYTRPALAARGARGASPTRPARGLEUPROGLYLYSARGGLNARGTRPMETTRPGLNARGALAASPARGGLNARGPROLYSPROPROPROGLNSTOPMETMETGLYTRPPROTRPARGASPTRPLYSPROPROSTOPARGTYRARGGLYPROMETTRPARGLEUARGARGARGASPARGTHRASPPROALAALAASPARGARGVALPROLYSGLNGLNASPGLNSTOPLEUTRPLEUARGALALYSLEUMETGLYLEUARGALAARGARGVALASPARGARGARGASPLEUMETASPALATRPARGARGGLYARGARGGLNALAARGALAASPLEUARGLEUALAASPARGGLNARGPROVALARGTYRPROPROPROPROTRPASPALASTOPARGLEUVALLEUGLYARGASPPHEARGARGGLNGLYASPTRPGLYTHRVALTRPLEUPHETRPLYSLEUTRPARGGLNGLYGLNASPSTOPGLNPROARGLEUARGLEUTRPGLNARGGLYGLNARGVALVALARGSTOPGLYLYSMETVALLEUASPGLYARGTRPTRPGLYPHEGLNMETGLNLEUASPLEULEUARGARGVALLYSARGGLYLEUARGLEULEUARGARGSTOPARGGLNMETTRPSTOPARGTHRTYRPHEASPTHRGLNLEULEULEUTRPALAMETALAVALLYSASPTHRLEUGLNLEULEUGLYARGASPARGLEULYSALATRPLEULEUALAVALTHRVALTHR,0,
PE,LVWASPSVEAQSNPYQRGPNPTRSALTADGPFSVATYTVSRLSVSGFGGGVIYYPTGTSLTFGGIAMSPGYTADASSLAWLGRRLASHGFVVLVINTNSRFDYPDSRASQLSAALNYLRTSSPSAVRARLDANRLAVAGHSMGGGGTLRIAEQNPSLKAAVPLTPWHTDKTFNTSVPVLIVGAEADTVAPVSQHAIPFYQNLPSTTPKVYVELDNASHFAPNSNNAAISVYTISWMKLWVDNDTRYRQFLCNVNDPALSDFRTNNRHCQ,0,
PE,ANPYERGPNPTDALLEARSGPFSVSEENVSRLSASGFGGGTIYYPRENNTYGAVAISPGYTGTEASIAWLGERIASHGFVVITIDTITTLDQPDSRAEQLNAALNHMINRASSTVRSRIDSSRLAVMGHSMGGGGSLRLASQRPDLKAAIPLTPWHLNKNWSSVTVPTLIIGADLDTIAPVATHAKPFYNSLPSSISKAYLELDGATHFAPNIPNKIIGKYSVAWLKRFVDNDTRYTQFLCPGPRDGLFGEVEEYRSTCPF,0,
PE,AANPYQRGPDPTESLLRAARGPFAVSEQSVSRLSVSGFGGGRIYYPTTTSQGTFGAIAISPGFTASWSSLAWLGPRLASHGFVVIGIETNTRLDQPDSRGRQLLAALDYLTQRSSVRNRVDASRLAVAGHSMGGGGTLEAAKSRTSLKAAIPIAPWNLDKTWPEVRTPTLIIGGELDSIAPVATHSIPFYNSLTNAREKAYLELNNASHFFPQFSNDTMAKFMISWMKRFIDDDTRYDQFLCPPPRAIGDISDYRDTCPHT,0,
PE,AANPYQRGPNPTEASITAARGPFNTAEITVSRLSVSGFGGGKIYYPTTTSEGTFGAIAISPGFTAYWSSLEWLGHRLASQGFVVIGIETNTTLDQPDQRGQQLLAALDYLTQRSAVRDRVDASRLAVAGHSMGGGGSLEAAKARTSLKAAIPLAPWNLDKTWPEVRTPTLIIGGELDAVAPVATHSIPFYNSLSNAPEKAYLELDNASHFFPNITNTQMAKYMIAWMKRFIDDDTRYTQFLCPPPSTGLLSDFSDARFTCPM,0,
PE,MTHQIVTTQYGKVKGTTENGVHKWKGIPYAKPPVGQWRFKAPEPPEVWEDVLDATAYGPICPQPSDLLSLSYTELPRQSEDCLYVNVFAPDTPSQNLPVMVWIHGGAFYLGAGSEPLYDGSKLAAQGEVIVVTLNYRLGPFGFLHLSSFNEAYSDNLGLLDQAAALKWVRENISAFGGDPDNVTVFGESAGGMSIAALLAMPAAKGLFQKAIMESGASRTMTKEQAASTSAAFLQVLGINEGQLDKLHTVSAEDSLKAADQLRIAEKENIFQLFFQPALDPKTLPEEPEKAIAEGAASGIPLLIGTTRDEGYLFFTPDSDVHSQETLDAALEYLLGKPLAEKAADLYPRSLESQIHMMTDLLFWRPAVAYASAQSHYAPVWMYRFDWHPKKPPYNKAFHALELPFVFGNLDGLERMAKAEITDEVKQLSHTIQSAWITFAKTGNPSTEAVNWPAYHEETRETLILDSEITIENDPESEKRQKLFPSKGE,0,
PE,MFQRVWALTAALMLMLSLGATSSHAAQNPHERGPDPSNSYIEQARGSYSVSQRSISRLGSDGFRDGTMYYPTSTADGRFGVVAISPGYTASESTIAWLGPRLASFGFVVVTINTDSRYDQPRQRATQLHAALDHAIGDSVVGPRIDTSRQAVMGHSMGGGGALQAAEERDEIRAAVPLTPWNLKKGWSGVDAATLVIGAENDAIAPVRSHSIPFYESLTNAERRAYLELRREGHFAPNSSNTLIAKYSVSWLKRYVDNDLRYDQFIDPGPRTGITTGVSDYRLG,0,
PE,MKFFALTTLLAATASALPTSNPAQELEARQLGRTTRDDLINGNSASCADVIFIYARGSTETGNLGTLGPSIASNLESAFGKDGVWIQGVGGAYRATLGDNALPRGTSSAAIGEMLGLFQQANTKCPDATLIAGGYSQGAALAAASIEDLDSAIRDKIAGTVLFGYTKNLQNRGRIPNYPADRTKVFCNTGDLVCTGSLIVAAPHLAYGPDARGPAPEFLIEKVRAVRGSA,0,
PE,MSVTTPRRETSLLSRALRATAAAATAVVATVALAAPAQAANPYERGPNPTESMLEARSGPFSVSEERASRFGADGFGGGTIYYPRENNTYGAIAISPGYTGTQSSIAWLGERIASHGFVVIAIDTNTTLDQPDSRARQLNAALDYMLTDASSAVRNRIDASRLAVMGHSMGGGGTLRLASQRPDLKAAIPLTPWHLNKSWRDITVPTLIIGAEYDTIASVTLHSKPFYNSIPSPTDKAYLELDGASHFAPNITNKTIGMYSVAWLKRFVDEDTRYTQFLCPGPRTGLLSDVEEYRSTCPF,0,
PE,MHLPRSRWDIPFKEETTMTHHFSVRALLAAGALLASAAVSAQTNPYERGPAPTTSSLEASRGPFSYQSFTVSRPSGYRAGTVYYPTNAGGPVGAIAIVPGFTARQSSINWWGPRLASHGFVVITIDTNSTLDQPDSRSRQQMAALSQVATLSRTSSSPIYNKVDTSRLGVMGWSMGGGGSLISARNNPSIKAAAPQAPWSASKNFSSLTVPTLIIACENDTIAPVNQHADTFYDSMSRNPREFLEINNGSHSCANSGNSNQALLGKKGVAWMKRFMDNDRRYTSFACSNPNSYNVSDFRVAACN,0,
PE,METVKGVHLAIAALLFLCVLPGNADASEKQFDLVLVHGLTNKHRWSDSFLRALVNEWGSGNVYVIYTNQSMQVSKRTIDGKTITFIGKNDFSAGDDSVKDQAEIMAEKIEVLKRDHGLSPQFYIIAHSMGGLVSRQYIYDHPNTVAGLVTLGTPHHGSPLASDFDWLGFFIGAEAAMDNLRPEWVEDFNRRFPVENAPLYNGGKIYTIRGDSDGKIWEWGAMGELYVGWHILHKKHGTDSDGLVPHASAVIEGAVHLADFPNYHHLDLVTREEVAKKAAEVLR,0,
PE,MHESVHAESLWLTMDDGAEVYVRVWEPAARAAADSSDDAPAPPAAAGGPRAVLQLAHGMTEHSGRYDDFARFLAGRGFAVVGNDHRGHGHTGERADSMGYLADQDGFERLVDDLRAVHEWACRRWPGAPRFLMGHSMGSFLVRRYIQRYGDTVAGVIIMGTAGNPGLPGKIGRRLARLEMRRRGPRHPSMLLTSLVFGGYNKKIRSPKTAFDWLSRDAEAVKAYVADPWCGFVPSAGFYFDLLTGLLLIHDEREIARIPKDLPMLFLSGDADPVTGYGKGVERVIAQYERHGLRRMTSILYKDARHELLNELNKEEVYGDILKWLENTQAGILRNLSK,0,
PE,MLLKKRWLIFISFLLAFTLLIPTAASASEKHYKPNIALEPIENSEGNEHPIILVHGLGGFGRDELGGIIKMWGGIHDIEKKLREKGYKVYTAAVGPVSSNRDRAIELYYQIKGGTVDYGEAHAKKYGHDRYGRTYPGFYPEWGEINPKTGKPNKVHLIGHSMGGQTIRTLAQLLYEGDPEEHKTGGNDISPLLSGEKQPWLHSVLSISSPHDGSTATYLVNDVIPIIQELVIGAAIFAGNIDQNLYDFKLDHWGIKKRPGESFHSYVQRVRNSPGWKTKDTANWDLKPEGAYELNRWVKAQPDVYYFSVSNTQSRRSLLTGYYVPDLFMNPFLHPTAYYIGSKTFRKSNFVLDKTWWENDGLVSVKAMKGPNIGSNDVIVEYNGTPRKGVWNHLGTMRQFDHLDIIGWGVRDVTSWYEDVARFLYSLPDDY,0,
PE,MANPYERGPNPTDALLEARSGPFSVSEENVSRLSASGFGGGTIYYPRENNTYGAVAISPGYTGTEASIAWLGERIASHGFVVITIDTITTLDQPDSRAEQLNAALNHMINRASSTVRSRIDSSRLAVMGHSMGGGGSLRLASQRPDLKAAIPLTPWHLNKNWSSVRVPTLIIGADLDTIAPVLTHARPFYNSLPTSISKAYLELDGATHFAPNIPNKIIGKYSVAWLKRFVDNDTRYTQFLCPGPRDGLFGEVEEYRSTCPF,0,
PE,MANPYERGPNPTDALLEARSGPFSVSEERASRFGADGFGGGTIYYPRENNTYGAVAISPGYTGTQASVAWLGERIASHGFVVITIDTNTTLDQPDSRARQLNAALDYMINDASSAVRSRIDSSRLAVMGHSMGGGGTLRLASQRPDLKAAIPLTPWHLNKNWSSVRVPTLIIGADLDTIAPVLTHARPFYNSLPTSISKAYLELDGATHFAPNIPNKIIGKYSVAWLKRFVDNDTRYTQFLCPGPRDGLFGEVEEYRSTCPF,0,
PE,MANPYERGPNPTDALLEARSGPFSVSEENVSRFGADGFGGGTIYYPRENNTYGAVAISPGYTGTQASVAWLGERIASHGFVVITIDTNTTLDQPDSRARQLNAALDYMINDASSAVRSRIDSSRLAVMGHSMGGGGTLRLASQRPDLKAAIPLTPWHLNKNWSSVRVPTLIIGADLDTIAPVLTHARPFYNSLPTSISKAYLELDGATHFAPNIPNKIIGKYSVAWLKRFVDNDTRYTQFLCPGPRDGLFGEVEEYRSTCPF,0,
PE,MANPYERGPNPTDALLEASSGPFSVSEENVSRFGADGFGGGTIYYPRENNTYGAVAISPGYTGTQASVAWLGERIASHGFVVITIDTNTTLDQPDSRARQLNAALDYMINDASSAVRSRIDSSRLAVMGHSMGGGGTLRLASQRPDLKAAIPLTPWHLNKNWSSVRVPTLIIGADLDTIAPVLTHARPFYNSLPTSISKAYLELDGATHFAPNIPNKIIGKYSVAWLKRFVDNDTRYTQFLCPGPRDGLFGEVEEYRSTCPF,0,
PE,MANPYERGPNPTDALLEASSGPFSVSEENVSRLSASGFGGGTIYYPRENNTYGAVAISPGYTGTEASIAWLGERIASHGFVVITIDTITTLDQPDSRAEQLNAALNHMINRASSTVRSRIDSSRLAVMGHSMGGGGTLRLASQRPDLKAAIPLTPWHLNKNWSSVTVPTLIIGADLDTIAPVATHAKPFYNSLPSSISKAYLELDGATHFAPNIPNKIIGKYSVAWLKRFVDNDTRYTQFLCPGPRDGLFGEVEEYRSTCPF,0,
PE,LTCGTNSGFVCKGTQTQYAGGFAPGVGYGGFGGGSCTATKTPVIFIHGNGDNAISFDMPPGNVSGYGTPARSVYAELKARGYNDCEIFGVTYLSSSEQGSAQYNYHSSTKYAIIKTFIDKVKAYTGKSQVDIVAHSMGVSMSLATLQYYNNWTSVRKFINLAGGIRGLYSCYYTGYANAAAPTCGSQNYYNSYTFGFFPEGWYYGVWVSNPWTGSGSTNSMRDMPAKRTAVSFYTLSAGFKDQVGCATASFWAGCDSAAKFASTTSNVKAQINVGAGSNATQADYDWADGMPYNAGGGDTTNGVGHFRTKTNTGAIIQRMLLTTCTGLDCAAEYTTGPKAAY,0,
PE,MHSTQIPPQQKQKRRLRLTVLAAAASMLAAACVSGDDNNNGNGSNPNTKPANIGTVTINSYNGTTDDLLTAGLGKDGLASATAPLPANPTAPTAAELRRYAIHTNYRAIVDTTASGGYGSLYGPNVDAQGNVTGSDGKVAGVEYLAFSDDGSGQQNVTMLVQIPASFNTSKPCMITATSSGSRGVYGAIATGEWGLKRGCAVAYTDKGTGAAPHDLDTDTVPLIDGTRATRAAAGKNAQFAAPAGATSLADFTAANPHRLAFKHAHSQRNPEKDWGKFTLQAVEFAIWAINDRFGAVSANGTRQRTLDKDRIVVIASSVSNGGGAAVAAAEQDAGGLIDGVAVGEPNLNMPPNTGIVVQRGATPVAASGRTLYDYTTTANLLQHCAARATALTQAPFYTNPATATFFANRCQTLAEKGLVSGANTDEQSASALQALHDAGWEAESDDLHPSLAVFDVAAAISVNYANAYAQASVTDRLCGYSFASTLTDLKPAAIAPAALASMFATGNGVPPQPPVQLINDLDPQHGPYLNLASVSPSTLREDLNYDGANCLRSLLAGSDAAARALQAGQALTLRNGNLRGKPAVIVHGRSDGLLPVNHTSRPYLGLNRQQEGVTSKLSYVEVENAQHFDAFIGLVPGYSNRYVPLHVYLNRALDAVYDNLTAGKALPPSQVLRTTPRGGTLNTPAPALLPSNVPPFAASPAAGNAITVNANAVQVPD,0,
PE,MVRRLWRRIAGWLAACVAILCAFPLHAATAGPGAWSSQQTWAADSVNGGNLTGYFYWPASQPTTPNGKRALVLVLHGCVQTASGDVIDNANGAGFNWKSVADQYGAVILAPNATGNVYSNHCWDYANASPSRTAGHVGVLLDLVNRFVTNSQYAIDPNQVYVAGLSSGGGMTMVLGCIAPDIFAGIGINAGPPPGTTTAQIGYVPSGFTATTAANKCNAWAGSNAGKFSTQIAGAVWGTSDYTVAQAYGPMDAAAMRLVYGGNFTQGSQVSISGGGTNTPYTDSNGKVRTHEISVSGMAHAWPAGTGGDNTNYVDATHINYPVFVMDYWVKNNLRAGSGTGQAGSAPTGLAVTATTSTSVSLSWNAVANASSYGVYRNGSKVGSATATAYTDSGLIAGTTYSYTVTAVDPTAGESQPSAAVSATTKSAFTCTATTASNYAHVQAGRAHDSGGIAYANGSNQSMGLDNLFYTSTLAQTAAGYYIVGNCP,0,
PE,MLYQLHEFQRSILHPLTAWAQATAKTFTNPLSPLSLVPGAPRLAAGYELLYRLGKEYEKPAFDIKSVRSNGRDIPIVEQTVLEKPFCKLVRFKRYADDPETIKLLKDEPVVLVAAPLSGHHATLLRDTVRTLLQDHKVYVTDWIDARMVPVEEGAFHLSDYIYYIQEFIRHIGAENLHVISVCQPTVPVLAAISLMASAGEKTPRTMTMMGGPIDARKSPTAVNSLATNKSFEWFENNVIYTVPANYPGHGRRVYPGFLQHAGFVAMNPDRHLSSHYDFYLSLVEGDADDAEAHVRFYDEYNAVLDMAAEYYLDTIREVFQEFRLANGTWAIDGNPVRPQDIKSTALMTVEGELDDISGAGQTAAAHDLCAGIPKIRKQHLNAAHCGHYGIFSGRRWREEIYPQLRDFIRKYHQASATR,0,
PE,MHIAARKNQNSGDRAMLYHAYQIYADMILPACTLAELAAATLAANPRSGGFDAVPRLRAACELIALVRLTHHRPAFGIDHATVGGQPVPVTEEVVARTPFCSLLHFRRHGIVGQPRVLLVAPMSGHFATLLRGTVQTMLADHDVYLTDWHNPRDIPLLAGRFGFDEFVQHLIGFLQTLGGGTHLVAICQPAVAALAAAALMAEDGDPAQPPSLTLMAGPIDARVNPTKVNALAMSQPLEWFERTLIGMVPLRFAGAMRRVYPGHVQLLAFMSMNPERHEQALRELYALRERGEHDKADAIRDFYIEYFATMDLTAEFYLETVSLVFQRFLLAQGLLDVSGRRVRTRAIHRTALLTVEGERDDICAIGQTVAAQDLCSSLRPYMRMHHVQTGVGHYGVFNGRRWETQVYPLVRNTIYTSS,0,
PE,MSASPRLGFVQCISPAGLHRMAYHEWGDPANPRVLVCAHGLTRGRDFDTVASALCGDYRVVCPDVAGRGRSEWLADANGYVVPQYVSDMVTLIARLNVEKVDWFGTSMGGLIGMGLAGLPKSPVRNVLLNDVGPKLAPSAVERIGAYLGLPVRFKTFEEGLAYLQTISASFGRHTPEQWRELNAAILKPVQGTDGLEWGLHYDPQLAVPFRKSTPEAIAAGEAALWRTFEAIEGPVLVVRGAQSDLLLRETVAEMVARGKHVSSVEVPDVGHAPTFVDPAQIAIAPQFFTGA,0,
PE,MLAKQIKKANSRSTLLRKSLLFAAPIILAVSSSSVYALTQVSNFGTNPGNLQMFKHVPSGMPANAPLVVALHGCTQTAAAYEASGWSALGNTHKFYVVYPQQQSGNNSNKCFNWFEPGDITRGQGEALSIKQMVDNMKANHSIDPSRVYVTGLSAGAFMTTVMAATYPDVFAGAAPIAGGPYKCATSMTSAFTCMSPGVDKTPAAWGDLARGGYSGYNGPKPKISIWHGSSDYTVAPANQNETVEQFTNYHGIDQTPDVSDTVGGFPHKVYKSANGTPLVETYTITGMGHGTPVDPGTGANQCGTAGAYILDVNVCSSYYIGQFFGIIGGGGTTTTTTSGNVTTTTAATTTTTTATQGYTQTTSATVTNHYVAGRINVTQYNVLGARYGYVTTIPLYYCPSLSGWTDKANCSPI,0,
PE,MMSSQTTQSSKFSLFLKRGLLLAAAPLLAMSASSALAATQVTGFGSNPGNLLMYKHVPSSMPANAPLVIAMHGCTQSASAYEATGWTQLANTYKFYVVYPEQQSSNNQNKCFNWFEPGDIARGQGEALSIKQMVDKMKADHSIDTNRVYVTGLSAGGYMVNVMLATYPDVFAGGAPFSGGPYNCATSMTNAFTCMSPGVDKTPAAWGDLARGGYSGYTGRKPIVSIWHGDADYTVKQSNQVEEVEQWTNYHGIDQTADVSDTVAGFPHKVYKDASGNALVETYTITGMGHGTPVDPGTGSLQCGTAGAYILDVNICSSYYVAKFWGLIGGSGTTTTTSAGTTTTTSAGTTTTKASTTTTKVSTTTTASTTTTTAGACYNSSNYAHVTAGRAHDTGGYAYTNGSNQKMGLNNTFYTSKLRKTGTNYYVIDTTCP,0,
PE,MQLKKSLRVTIAVLLGAGVSASAFALTPGSGTWVKESATYGTPNLQDAYLYVPKNPAPQVLGGKRALMLSLHGCGQTASTSVIDKRFNWEETAEKYGMVVVAPTVPTGTSSTRAASGCWDWFGTAHNRTTRDVVPLIKLIDAVKARTNLDIDPNQIYVSGLSAGAGETHVLGCSFPDYFAGVAPNASPSLGSAAGDISVPPKRTPQQVADMCRAINGNQFNAHLDTQIFATVYGDKDYLVLPAHNEVNRDGMKIAYDATVSAGTASVDGGGTASLFKDSRGRLRISSMVVAGMSHAWPSGPGAAPYIAWVDSTRVNYPAYVTQFFFENNLRVNKWKITCSVNVPNASSATVSASATAAAGATVASYRVALQGKTAINDNAAGSGTSLNKSYNLGNGIYAGTVTAVDSKGVESEACQLSSFQVGQLDPLYPPSDIQATGISSSSIKLNWSAVSSATAYDVRRNGGAPVRVTATQYTDTGLAPDTSYSYTVTSVNDNMTSGQSGQIIGKTQPVTYTEKVTATVTGHYSAGRINVNQYLQLGAKYGYNASLTLYKCEGVWTNSSSCGPLQ,0,
PE,MRNTLKAAFKLGVISAALLAPFATQAATAGPGAWSSQQTWAADSVNGGNLTGFYYWPATQPVHANGKRALVLVLHGCAQTASGDVINNGDNGYNWKAAADQYGAVILAPNATGNVSSQHCWDYSRTSHSRSTGHEYVLLDLINRFKNDPQYEIDPNQVYVTGLSSGGGETIVLGCIAPDVFAGWASNAGPTPGTTTLQIGAVPSGYTATNAKNNCLSLAGSNSSYFSTQIAGVVWGTSDFTVAPGYNPLMMDAMRQIYGGTFTKQASTSVATGGTNTTYKDSSGRVRTHELSVSGMSHAWPAGTGGQNTNYVTSQYVNYPLFVMDYFFTNNSRAGSGGGTTTTTAGGTTTTTAAGTTTTAATTTTTASSTTTTVAATCYTSSNYAHVTAGRAHNSSGYALANGSNQNMGLNNTFYTSTLKQTSPGYYVIGTCP,0,
PE,MTKSFAADWHAQIRRLSRAQARTEAQVKSWLDRVDSLNPLTPARPDRPPGKVRPARPAPAPGSLPGTWQAHRLRLAPLPGELVPQLSYHLYIPSKAHRGPLPVVVVLHGCRQTPDDLSAGTRMNALAEREGFIVAYPQQPLRRQVQRCWQWFDLGAAEGGREAQAVAALIDALAARHDVREREIYLAGMSAGAAMAAVVALRYPGKVAAAALHSGVVIGAADNPRAGLRAMQQGSAADPSWLLDAAGVTPGGPEMPALVIHGLADDAVHPVNGRLLARQFLAYNGLEDRLAGAPAQSGPEDEAPGRSHEYRFGRWRRDLVTLVEVEGLGHAWSGGDASYGYHSDIGPDASTMMWQFFSQHRR,0,
PE,MPRSSGAKLWSTLNKAAARNARRLQRAVNQNLTRPMTEAIVRNAVKQSAAVTAATQRALSGVVSPVQAPQNRGSGRWEEGAWGAPVAPRRYRIFVPAGVTASRRAPMLVLLHGCGQDAASFAAVTRAAAVAREAGWVVLLPEQTSQANAQRCWNWFRPGAQGGVEAGLLMALIDQACRGHPVAADRISVLGLSAGGAMALMLGLRYPGRFAAVGSHSGAVPWSASNAAQAARAMRGGHGPDAKAMQALRFGLAGRRPPPLLLLHGDADHVVDFSNATAAAGMWMHLQPEDAHALSAAPARRIQRGMRRAMDVFDWAEGKSPYVRLVRIEGLGHAWSGGAGGQAFSDPAGPDGLKLALRFFLEVGG,0,
PE,NPYARGPNPTAASLEASAGPFTVRSFTVSRPSGYGAGTVYYPTNAGGTVGAIAIVPGYTARQSSIKWWGPRLASHGFVVITIDTNSTLDQPKSRSSQQMAALRQVASLNGTSSSPIYGKVDTARMGVMGWSMGGGGSLIRAANNPSLKAAAPQAPWDSSTNFSSVTVPTLIFACENDSIAPVNSSALPIYDSMSRNAKQFLEINGGSHSCANSGNSNQALIGKKGVAWMKRFMDNDTRYSTFACENPNSTAVSDFRTANCS,0,
PE,NPYARGPNPTAASLEASAGPFTVRSFTVSRPSGYGAGTVYYPTNAGGTVGAIAIVPGYTARQSSIKWWGPRLASHGFVVITIDTNSTLDQPSSRSSQQMAALRQVASLNGTSSSPIYGKVDTARMGVMGWSMGGGGSLIRAANNPSLKAAAPQAPWDSSTNFSSVTVPTLIFACENDSIAPVNSSALPIYDSMSRNAKQFLEINGGSHSCANSGNSNQALIGKKGVAWMKRFMDNDTRYSTFACENPNSTRVSDFRTANCS,0,
PE,NPYARGPNPTAASLEASAGPFTVRSFTVSRPSGYGAGTVYYPTNAGGTVGAIAIVPGYTARQSSIKWWGPRLASHGFVVITIDTNSTLDQPKSRSSQQMAALRQVASLNGTSSSPIYGKVDTARMGVMGWSMGGGGSLISAANNPSLKAAAPQAPWDSSTNFSSVTVPTLIFACENDSIAPVNSSALPIYDSMSRNAKQFLEINGGSHSCANSGNSNQALIGKKGVAWMKRFMDNDTRYSTFACENPNSTAVSDFRTANCS,0,
PE,mkknlnkiatiillvfsmtltnfsmivraaepkaqgtqkvessttkkevkdaeetikiptledidnlidsaeevkseedinkmpplkfpvefpevntrsiiggnnypivlvhgfmgfgrdellgykywggvvdlqeklnasghetytatvgpvssnwdracelyayivggtvdygeahakkfkhnrygrtypgiyknisnenkihlighsmggqtirtltqllsegseeeincgqenisplfeggkhwihsvstistpndgttlsdlmpakdlisytfgvlgtitgknklfssiydlkldqwglkkqngesqrdyiervldsniwnstkdiatydlstegaqelntwvkaqpdvyyfswttqatkesiltghsvaqigpmnpifyptanlmgrysrnqkdlpiidkkwfpndgvvncisqdgpklgsndvieqynggvkigqwnampriintdhmdivgtfgnvkdwymdyasflsnlsr,0,
PE,mkksyfkrimvsiiiictvfcftsistvkaagnsdamgvgnnypivmvhgcfgwgsnegaglyywggkesltqkltekgytvyspsigpvssnwdracelytyivggtvdygeshskkygherygrsypgvykqigtkdssgnvqkihlighsmggqtirllaqllengdpnelsfttdgsinslftggkswvssitsiatphdgsqeahikcdieplthqfvaaiaaikgknvnlddlnydfqldqwglkrkpgesrlaynnrvikseiwkktkdlsvwdlspegarefnsyvkaqsdidyfsiacvnthedklthfqvpnkkmnpvlvkssifmgmytnnksgevpidkswwrndgvvsvisainpkvgstdkivdysgtavkgtwnylgeldntdhievcgmkydrkgieqmyfnvaemlsklpve,0,
PE,MHLRNIVIALAATAVASPVDLQDRQLTGGDELRDGPCKPITFIFARASTEPGLLGISTGPAVCNRLKLARSGDVACQGVGPRYTADLPSNALPEGTSQAAIAEAQGLFEQAVSKCPDTQIVAGGYSQGTAVMNGAIKRLSADVQDKIKGVVLFGYTRNAQERGQIANFPKDKVKVYCAVGDLVCLGTLIVAPPHFSYLSDTGDASDFLLSQLG,0,
PE,MAITLYSYHNLDNGFAVGYQNNGLGLGLPATLVSALIGGSNAQGVIPGIPWNPDSEKPALEAVQAAGWTPISASTLGYTARSMHAAPTLAKNSATARRRPRCWASTMTLATAGNRHQFPRHFRASGKCDHRLHRRCDQRPARRLRAQGLCQELRGGGFWRVAQRLADTPLPGLGGNDVVVSGHSLGGMAVNSMADLSDSTWSGFYKDANYLAYASPTQSAGDKVLNVGYENDPVFRALDGSSFNLSSLGVHDKAHESSTDNIVSLNDHYASSLWNVLPFSILNLPTWVSHLPTGYGDGMTRILDSGFYEQMTRDSTVIVANLSDPARATTWVQDLNRNAEAHKGNTFIIGSDGDDFIKGGRGADFIEGGKGNDTIRDSSGHNTFLFSGQFGNDRVIGYQATDKLVFNDVAGSTDYRDHVKVVGGDTVIGFGTDSVTLVGVSSLSGEGIVIS,0,
PE,MKRLFIAGMIFMLFFSLGAVSSSAAGSFTSKTYNGRTYKLYVPSSYQGGAALPLVVMLHGCTQDPDQFAAGTQMNALAETEKFLVLYPEQPSSANSNKCWNWFDTAHQSRGSGEPALIAGMVNQIKSSYSIDADQVFVGGLSAGAAMSVIMGATYPDIFAAISVGAGLEYKAATSVTGAYTAMSSGGPNPIQQGDLAYSAMGEHKRVVPVILFHGTADYTVAPINAHQILSQWAQTNDRASDGLDNNNIDDTADQTLPGTVSGGRSYTQYIYKDTAGKTVMEKYMIEGMGHAWPGGSTSGSYTDPKGPNATTLSWNFFKSHPKNSDAPNPGDISPPVTAASPAGGTYGSSVSVTLSTNEPATTYYTLDGSTPTVNSLKYSEPISINSSKTIKFFSVDAAGNQEGVKTEVYQISGTSEKSSVFSSLAAEDGFIGNLSADGMSSSIHKIGDKGMYNTDTYRTILSFDTSSLPDDAIITDVSLKIYRKSSTGNISSLKGDIKTGVFGTSSALEQIDYQASPSISAAFQMSVPSLDNGYTTIQLPSSLLGYMNRNGKTQFRLSSSGSADFLSDVVEIYGGDNPAYAPTLTVSYK,0,