Plastic,Reference,PDB entry,NCBI BLAST,taxonomy,GenBank/UniProt/MGnify,host,enzyme,gene,EC number,location/comment
PBS,"Uchida, 2001",,BAB86909,Bacteria,BAB86909,Acidovorax delafieldii Strain BS-3,PbsA,,,
PBS,"Zhou, 1999",,,Fungi,,Rhizopus delemar,Lipase,,,
PBS,"Maeda, 2005",,P52956.1,Fungi,P52956,Aspergillus oryzae ATCC42149,cutinase CutL1,,,
PBS,"Mao,2015; Hu, 2016",,Q99174,Fungi,Q99174,Fusarium solani,FSC,,,
PET,"Yoshida, 2016; Han 2017; Cui, 2021; Son, 2019; Lu, 2022; Bell, 2022; Shi et al., 2023; Sevilla et al., 2023","5XFY, and others",WP_054022242.1,Pseudomonadota (synonym with Proteobacteria),A0A0K8P6T7,Ideonella sakaiensis 201-F61,ISPETase,ISF6_4831,EC 3.1.1.101,
PET,"Danso, 2018, Blasquez-Sanchez, 2021",,MBQ0729274.1,Pseudomonadota (synonym with Proteobacteria),R4YKL9_OLEAN,Oleispira antarctica RB-8,PET5,LipA (=Oacut),EC 3.1.1.1,
PET,"Danso, 2018",7Z6B,ASA57064.1,Pseudomonadota (synonym with Proteobacteria),A0A1Z2SIQ1_VIBGA,Vibrio gazogenes,PET6,BSQ33_03270,EC 3.1.1.1,
PET,"Danso, 2018; Chen, 2021; Avilan,2023",,AKJ29164.1,Pseudomonadota (synonym with Proteobacteria),A0A0G3BI90_9BURK,Caldimonas brevitalea,PET12 (PbCut;SbCut),AAW51_2473,EC 3.1.1.1,
PET,"Meyer Cifuentes, 2022",7VMD,OK558825.1,Pseudomonadota (synonym with Proteobacteria),OK558825,Marinobacter sp.,PLE628,,EC 3.1.1.1,
PET,"Meyer Cifuentes, 2022",7VPA,OK558824.1,Pseudomonadota (synonym with Proteobacteria),OK558824,Marinobacter sp.,PLE629,,EC 3.1.1.1,
PET,"Inglis, 2011; Haernvall, 2017",,ADK73612,Pseudomonadota (synonym with Proteobacteria),ADK73612,Pseudomonas oleovorans/ pseudoalcaligenes DSM 50188,PpCutA/PoCut,,EC 3.1.1.74,
PET,"Haernvall, 2017",,ANP21910.1,Pseudomonadota (synonym with Proteobacteria),KU695573,Pseudomonas pelagia DSM 25163,PpelaLip,,EC 3.1.1.74,
PET,"Bollinger, 2020","6SBN, and others",WP_088276085.1,Pseudomonadota (synonym with Proteobacteria),A0A1H6AD45,Halopseudomonas aestusnigri VGXO14,PE-H,B7O88_11480,EC 3.1.1.1,
PET,"Ronkvist, 2009",2FX5,2FX5_A,Pseudomonadota (synonym with Proteobacteria),N20M5AZM016,Pseudomonas mendocina ATCC 53552,PmC,,EC 3.1.1.3,
PET,"Avilan, 2023",8AIS,WP_044499735.1,Pseudomonadota (synonym with Proteobacteria),A0A078MGG8,Pseudomonas saudimassiliensis,PsCut,,EC 3.1.1.1,
PET,"Avilan, 2023",8AIT,WP_036989706.1,Pseudomonadota (synonym with Proteobacteria),A0A031MKR8,Halopseudomonas bauzanensis,PbauzCut,,EC 3.1.1.1,
PET,"Avilan, 2023",,SUD16364.1,Pseudomonadota (synonym with Proteobacteria),SUD16364.1,Pseudomonas alcaligenes,PaCut,,EC 3.1.1.1,
PET,"Blasquez-Sanchez, 2021",8SPK,P19833.1,Pseudomonadota (synonym with Proteobacteria),P19833,Moraxella sp.TA144,lip1,Mors1,EC 3.1.1.3,
PET,"Haernvall, 2017, Wallace, 2016",,WP_003460012.1,Pseudomonadota (synonym with Proteobacteria),W6R2Y2,Pseudomonas pseudoalcaligenes,PpEst (tesA),,EC 3.1.1.2,
PET,"Eiamthong, 2022",,MGYP000532440779,Pseudomonadota (synonym with Proteobacteria),MGYP000532440779,Pseudomonas sp.,esterase MG8,,EC 3.1.1.1,
PET,"Edwards et al., 2022",,WP_085690612,Pseudomonadota (synonym with Proteobacteria),WP_085690612,Pseudomonas sp. strain 9.2,EstB,,EC 3.1.1.1,
PET,"Sagong, 2021, Avilan, 2023","7DZT, and others",A4W93_05950,Pseudomonadota (synonym with Proteobacteria),A4W93_05950,Rhizobacter gummiphilus NS21,RgPETase/RgCut-I,,EC 3.1.1.1,
PET,"Avilan, 2023",8AIR,WP_085749238.1,Pseudomonadota (synonym with Proteobacteria),WP_085749238.1,Rhizobacter gummiphilus,RgCut-II,,EC 3.1.1.1,
PET,"Erickson, 2022",,RLU00646.1,Pseudomonadota (synonym with Proteobacteria),RLU00646.1,Ketobacter sp.,Enzyme 403,,,
PET,"Erickson, 2022",,RLT92980.1,Pseudomonadota (synonym with Proteobacteria),RLT92980.1,Ketobacter sp.,Enzyme 409,,,
PET,"Erickson, 2022",,WP_101893509.1,Pseudomonadota (synonym with Proteobacteria),WP_101893509.1,Ketobacter alkanivorans,Enzyme 412,,,
PET,"Erickson, 2022",,ODU60407.1,Pseudomonadota (synonym with Proteobacteria),ODU60407.1,Comamonadaceae bacterium,Enzyme 406,,,
PET,"Chen, 2021; Erickson, 2022",,WP_062195544.1,Pseudomonadota (synonym with Proteobacteria),WP_062195544.1,Caldimonas taiwanensis+D57,CtPL (Enzyme 504),,,
PET,"Avilan, 2023",,BAB86909.1,Pseudomonadota (synonym with Proteobacteria),Q8RR62,Acidovorax delafieldii,PbsA/AdCut,,EC 3.1.1.1,
PET,"Ho, 2023",,,Pseudomonadota (synonym with Proteobacteria),,Aquabacterium parvum,ApLip-Ec,,,
PET,"Chen, 2021; Chen, 2021;Sagong, 2022; Huang, 2023",7CWG,OGB27210,Pseudomonadota (synonym with Proteobacteria),A0A1F4JXW8,Burkholderia bacterium,BurPL,,,
PET,"Qi, 2023",,,Pseudomonadota (synonym with Proteobacteria),,Pseudomonas sp.,GlacPETase,,,
PET,"de Witt, 2023",,WP_090538641.1,Pseudomonadota (synonym with Proteobacteria),WP_090538641.1,Halopseudomonas formosensis,Hfor_PE-H,,,
PET,"Zhou, 2024",,,Pseudomonadota (synonym with Proteobacteria),,Pseudomonas sp. JM16B3,jmPE13,,,
PET,"Zhou, 2024",,,Pseudomonadota (synonym with Proteobacteria),,Pseudomonas sp. JM16B3,jmPE14,,,
PET,"Chen, 2024",,,Pseudomonadota (synonym with Proteobacteria),,Pseudomonadota bacterium,dsPETase05,,,
PET,"Chen, 2024",,MEC8523093.1,Pseudomonadota (synonym with Proteobacteria),MEC8523093.1,Pseudomonadota bacterium,dsPETase06,,,
PET,"Jin, 2024",,QPA27412,Pseudomonadota (synonym with Proteobacteria),QPA27412,Brucella,PD3,,,
PET,"Han, 2024",,WP_220815207,Pseudomonadota (synonym with Proteobacteria),WP_220815207,Pseudomonas paralcaligenes MRCP1333,PpPETase,,,
PET,"Sulaiman, 2012; Shirke, 2018; Tournier, 2020",4EBO and others,G9BY57.1,Actinomycetota,G9BY57,LCC,leaf compost metagenome,highly similar to HRB29 locus GBD22443,EC 3.1.1.74,
PET,"Xi, 2021",7EOA,GBD22443.1,Actinomycetota,GBD22443,BhrPETase from HR29 bacterium,>96% identical to LCC,,EC 3.1.1.74,
PET,"Dresler, 2006; Müller 2005; Kleeberg 1998; 2005",5ZOA,Q6A0I4,Thermobifida (Thermomonspora) fusca,Q6A0I4,T. fusca DSM43793,BTA-1,TfH,EC 3.1.1.74,
PET,"Dresler, 2006; Müller 2005; Kleeberg 1998; 2005",,Q6A0I3,Thermobifida (Thermomonspora) fusca,AJ810119,T. fusca DSM43793,BTA-2,TfH,EC 3.1.1.74,
PET,"Herrero Acero, 2011",,ADV92528.1,Thermobifida (Thermomonspora) fusca,E9LVI0_THEFU,T. fusca DSM44342,TfH42_Cut1,,EC 3.1.1.74,
PET,"Chen, 2008; Su, 2013; Lykidis, 2007",,Q47RJ6,Thermobifida (Thermomonspora) fusca,Q47RJ6_THEFY,T. fusca (strain YX),WSH03-11,Tfu_0883,EC 3.1.1.74,
PET,"Chen, 2008",,Q47RJ7,Thermobifida (Thermomonspora) fusca,Q47RJ7_THEFY,T. fusca (strain YX),WSH03-11,Tfu_0882,EC 3.1.1.74,
PET,"Herrero Acero, 2011",,E5BBQ2,Thermobifida (Thermomonspora) fusca,E5BBQ2,T. fusca,TfCut_1 (Cut-1.kw3) (only active on 3PET; not on higher polymers!),,3.1.1.101,
PET,"Furukawa, 2019, Roth, 2014; Wei 2016",4CG1,CBY05530,Thermobifida (Thermomonspora) fusca,E5BBQ3_THEFU,T. fusca,TfCut_2 (Cut-2.kw3),,EC 3.1.1.74,
PET,"Hedge, 2013",,AET05798.1,Thermobifida (Thermomonspora) fusca,JN129499.1,T. fusca NRRL B-8184,Cut1,,EC 3.1.1.74,
PET,"Hedge, 2013",,AET05799.1,Thermobifida (Thermomonspora) fusca,JN129500.1,T. fusca NRRL B-8184,Cut2,,EC 3.1.1.74,
PET,"Erickson, 2022",,WP_104613137.1,Thermobifida (Thermomonspora) fusca,WP_104613137.1,T. fusca,Enzyme 701,,,
PET,"Erickson, 2022",7QJQ,ADM47605.1,Thermobifida (Thermomonspora) fusca,ADM47605.1,T. fusca,Enzyme 702,,,
PET,"Herrero Acero, 2011, Ribitsch 2017",5LUI,ADV92526.1,Thermobifida (Thermomonspora) fusca,ADV92526.1,T. cellulosilytica DSM44535,Thc_Cut1,,EC 3.1.1.74,
PET,"Herrero Acero, 2011 Ribitsch 2017",5LUJ,ADV92527.1,Thermobifida (Thermomonspora) fusca,ADV92571,T. cellulosilytica DSM44535,Thc_Cut2,,EC 3.1.1.74,
PET,"Erickson, 2022",7QJT,WP_083947829.1,Thermobifida (Thermomonspora) fusca,WP_083947829.1,T. cellulosilytica,Enzyme 711,,,
PET,"Wei, 2014",,ACY96861.1,Thermobifida (Thermomonspora) fusca,D1A9G5,T. curvata DSM43183,Tcur_1278,,EC 3.1.1.74,
PET,"Wei, 2014",,ACY95991.1,Thermobifida (Thermomonspora) fusca,ACY95991.1,T. curvata DSM43183,Tcur0390,,EC 3.1.1.74,
PET,"Ribitsch, 2012",,AFA45122.1,Thermobifida (Thermomonspora) fusca,H6WX58,T. halotolerans,Thh_Est,,EC 3.1.1.1,
PET,"Hu, 2010; Erickson, 2022",,BAI99230.2,Thermobifida (Thermomonspora) fusca,BAI99230,T. alba (AHK119),Est1 (Hydrolase 4); Enzyme 708,,EC 3.1.1.1,
PET,"Ribitsch, 2012",,ADV92525.1,Thermobifida (Thermomonspora) fusca,E9LVH7,T. alba DSM43185,Tha_Cut1,cut1,EC 3.1.1.74,
PET,"Kitadokoro, 2019",6AID,BAK48590.1,Thermobifida (Thermomonspora) fusca,F7IX06,T. alba AHK119,Est119,est2,EC 3.1.1.1,
PET,"Miyakawa, 2014; Kawai, 2014; Oda, 2018",4WFK and others,BAO42836.1,Thermobifida (Thermomonspora) fusca,W0TJ64,Saccharomonospora (Thermoactinomyces) viridis AHK190,Cut190,,EC 3.1.1.74,
PET,"Erickson, 2022",,WP_082414832.1,Thermobifida (Thermomonspora) fusca,WP_082414832.1,Actinobacteria bacterium OK074,Enzyme 405,,,
PET,"Erickson, 2022",,WP_117215036.1,Thermobifida (Thermomonspora) fusca,WP_117215036.1,Allorhizocoloa rhizosphaerae,Enzyme 407,,,
PET,"Erickson, 2022",,EGD44994.1,Thermobifida (Thermomonspora) fusca,EGD44994.1,Nocardioidaceae bacterium,Enzyme 503,,,
PET,"Liu et al. 2022 Erickson, 2022,",7QJO,WP_078759821.1,Thermobifida (Thermomonspora) fusca,WP_078759821.1,Marinactinospora thermotolerans,MtCut / Enzyme 606,,,
PET,"Erickson, 2022",,WP_107095481.1,Thermobifida (Thermomonspora) fusca,WP_107095481.1,Actinobacteria bacterium OV320,Enzyme 607,,,
PET,"Erickson, 2022",7QJP,WP_093412886.1,Thermobifida (Thermomonspora) fusca,WP_093412886.1,Saccharopolyspora flava,Enzyme 611,,,
PET,"Won, 2022",,UNZ22463.1,Thermobifida (Thermomonspora) fusca,UNZ22463.1,Rhodococcus sp.,Rcut (PBATh),OL660765,,
PET,"Jabloune, 2020",,QEX94755.1,Thermobifida (Thermomonspora) fusca,QEX94755.1,Streptomyces scabiei,Sub1,,,
PET,"Almeida, 2019; Carr, 2023",,DAC80635,Thermobifida (Thermomonspora) fusca,DAC80635,Streptomyces sp. SM14,SM14est,,,
PET,"Sonnendecker, 2022",,SAY37579.1,Thermobifida (Thermomonspora) fusca,SAY37579.1,Compost metagenome,PHL-12,,,
PET,"Sonnendecker, 2022",,SAY37582.1,Thermobifida (Thermomonspora) fusca,SAY37582.1,Compost metagenome,PHL-22,,,
PET,"Zhang, 2023",8A2C,WAU86704.1,Thermobifida (Thermomonspora) fusca,WAU86704.1,Amycolatopsis bacterium,PET40,,,
PET,"Tiong, 2023",,WOR09923,Thermobifida (Thermomonspora) fusca,WOR09923,Microbispora sp.,SIBER-1,,,
PET,"Chen, 2024",,,Thermobifida (Thermomonspora) fusca,,Aeromicrobium,dsPETase01,,,
PET,"Singh, 2024",,WID88783.1,Thermobifida (Thermomonspora) fusca,WID88783.1,Dietzia kunjamensis,Dkca1,,,
PET,"Han, 2024",,QDI72884,Thermobifida (Thermomonspora) fusca,QDI72884,Streptomyces calvus DSM 41452,ScPETase,,,
PET,"Cavus, 2025",,WP_143447025.1,Thermobifida (Thermomonspora) fusca,A0A1W2FU08,Kibdelosporangium aridum,KaPETase,,,
PET,"Ribitsch,2011",,ADH43200.1,Bacillota,ADH43200.1,Bacillus subtilis 4P3-11,BsEstB,,EC 3.1.1.1,
PET,"Vidal, 2024",,APJ12152.1,Bacillota,APJ12152.1,Bacillus safensis,LipMRD9,,EC 3.1.1.3,
PET,"Sonnendecker, 2022; Pfaff, 2022",7NEI; 7CUVA/7W69,7NEI_A / 7CUV_A,Bacillota,"7NEI_A/B /7CUV_A, MBO2503201.1",Thermoanaerobacter sp.,PHL-7 (PES-H1; PES-H2),,EC 3.1.1.74,
PET,,,,Bacillota,SAY37592.1,,,,,
PET,"Sonnendecker, 2022",,SAY37583.1,Bacillota,SAY37583.1,Compost metagenome,PHL-32,,,
PET,"Perz et al., 2015",,AKZ20828.1,Bacillota,AKZ20828.1,Clostridium botulinum ATCC3502,Cbotu_EstA3,,,
PET,"Hong, 2023","7YM9, 7YME",SHM40309.1,Bacillota,SHM40309.1,Cryptosporangium aurantiacum,CaPETase,,,
PET,"Yan, 2024",,WP_108898452.1,Bacillota,WP_108898452.1,Caldibacillus thermoamylovorans,Lip4_120,,EC:3.1.1.3,
PET,"Yan, 2024",,CEE00769.1,Bacillota,CEE00769.1,Caldibacillus thermoamylovorans,Est8_89,,EC:4.2.99.20,
PET,"Yan, 2024",,WP_041846030.1,Bacillota,WP_041846030.1,Caldibacillus thermoamylovorans,Est11_32,,,
PET,"Yan, 2024",,WP_041847557.1,Bacillota,WP_041847557.1,Caldibacillus thermoamylovorans,Est18_23,,EC 3.1.1.-,
PET,"Yan, 2024",,WP_034767800.1,Bacillota,WP_034767800.1,Caldibacillus thermoamylovorans,Ces19_14,,EC 3.1.1.1,
PET,"Yan, 2024",,WP_108898647.1,Bacillota,WP_108898647.1,Caldibacillus thermoamylovorans,Ces39_5,,EC 3.1.1.1,
PET,"Zhou, 2024",,WP_118011433,Bacillota,WP_118011433,Holdemanella biformis,HG-2,,,
PET,"Zhou, 2024",,RGD93181,Bacillota,RGD93181,Clostridiales bacterium AM23-16LB,HG-3,,,
PET,"Zhou, 2024",,WP_013858543.1,Bacillota,WP_013858543.1,Heyndrickxia coagulans,HG-4,,,
PET,"Zhou, 2024",,,Bacillota,,Longicatena,HG-5,,,
PET,"Mamtimin, 2024",,,Bacillota,,TmFae-PETase (likely Enterococcaceae),,,,
PET,"Zhang, 2024",,,Bacillota,,HGMP01 (likely Acutalibacteraceae),,,,
PET,"Zhang, 2022",,WP_111881932,Bacteroidota,WP_111881932,Aequorivita sp. CIP111184,PET27,,EC 3.1.1.1,
PET,"Zhang, 2022",7PZJ,WP_039353427,Bacteroidota,WP_039353427,Kaistella (Chryseobacterium) jeonii,PET30,,EC 3.1.1.1,
PET,"Erickson, 2022",7QJM,7QJM_A,Chloroflexota,YNPsite05_CeleraDRAFT_401410,Chloroflexus sp. MS-G,Enzyme 202,,,
PET,"Distaso, 2023",,UNZ81746,Chloroflexota,UNZ81746,Chloroflexi bacterium,IS104,,,
PET,"Distaso, 2023",,UNZ81748,Chloroflexota,UNZ81748,Chloroflexi bacterium,IS124,,,
PET,"Distaso, 2023",,UNZ81747,Chloroflexota,UNZ81747,Dehalococcoidia bacterium,IS114,,,
PET,"Danso et al., 2018; Makryniotis et al., 2023",,ADV66860,Deinococcata,E8U721,Deinococcus maricopensis DSM 21211,PET1/DmPETase,,,
PET,"Ercolano, 2024",,XDS72785.1,Thermodesulfobacteriota,XDS72785.1,Geothermal metagenome,Sis,,,
PET,"Danso, 2018, Nakamura, 2021",7ECB and others,ACC95208.1,Metagenome-derived without a phylogenetic affiliation,ACC95208.1,Metagenome-derived,no obvious affiliation,"PET2, lipIAF5-2",EC 3.1.1.1,
PET,"Erickson, 2022",,,Metagenome-derived without a phylogenetic affiliation,YNPsite06_CeleraDRAFT_263770,Metagenome-derived. no obvious affiliation,Enzyme 101,,,
PET,"Erickson, 2022",,,Metagenome-derived without a phylogenetic affiliation,YNP6_02150,Metagenome-derived. no obvious affiliation,Enzyme 102,,,
PET,"Erickson, 2022",,,Metagenome-derived without a phylogenetic affiliation,YNP18_240440,Metagenome-derived. no obvious affiliation,Enzyme 204,,,
PET,"Erickson, 2022",,,Metagenome-derived without a phylogenetic affiliation,JzSedJan11_10004914,Metagenome-derived. no obvious affiliation,Enzyme 211,,,
PET,"Erickson, 2022",,,Metagenome-derived without a phylogenetic affiliation,YNPsite06_CeleraDRAFT_160970,Metagenome-derived. no obvious affiliation,Enzyme 214,,,
PET,"Erickson, 2022",,,Metagenome-derived without a phylogenetic affiliation,YNPsite06_CeleraDRAFT_367810,Metagenome-derived. no obvious affiliation,Enzyme 301,,,
PET,"Erickson, 2022",,,Metagenome-derived without a phylogenetic affiliation,GxsBSedJan11_10251181,Metagenome-derived. no obvious affiliation,Enzyme 305,,,
PET,"Erickson, 2022",,,Metagenome-derived without a phylogenetic affiliation,JGI20132J14458_10325381,Metagenome-derived,no obvious affiliation,Enzyme 307,,
PET,"Sonnendecker, 2022",,SAY37584.1,Metagenome-derived without a phylogenetic affiliation,SAY37584.1,Compost metagenome,PHL-42,,,
PET,"Sonnendecker, 2022",,SAY37587.1,Metagenome-derived without a phylogenetic affiliation,SAY37587.1,Compost metagenome,PHL-52,,,
PET,"Sonnendecker, 2022",,SAY37589.1,Metagenome-derived without a phylogenetic affiliation,SAY37589.1,Compost metagenome,PHL-62,,,
PET,"Perez-Garcia, 2023",8B4U,RLI42440.1,Archaea,RLI42440.1,Candidatus Bathyarchaeota archaeon,PET46,,EC 3.1.1.73,
PET,"Ronkvist, 2009, Carniel, 2017; Brackmann, 2023",1TCA and others,LIPB_PSEA2,Eukarya,LIPB_PSEA2,Pseudozyma (Candida) antarctica,lipase B,CalB,EC 3.1.1.3,
PET,"Brackmann, 2023",,,Eukarya,,Pseudozyma (Candida) antarctica,CaL,,EC 3.1.1.3,
PET,"Silva, 2005",1AGY and others,AAA33335.1,Eukarya,AAA33335.1,Fusarium solani,FsC,,EC 3.1.1.74,
PET,"Dimarogona, 2015",5AJH,EXK81749,Eukarya,X0BTD8,Fusarium oxysporum,FoCut5a,,EC 3.1.1.74,
PET,"Ronkvist, 2009, Carniel, 2017; Brackmann, 2023",4OYL and others,4OYY_A,Eukarya,A0A075B5G4,Humicola insolens,HiC,,EC 3.1.1.74,
PET,"Brueckner, 2008; Eberl, 2009; Brackmann, 2023",,,Eukarya,,Thermomyces lanuginosus,Lipozyme TL,,EC 3.1.1.3,
PET,"Vázquez-Alcántara, 2021",,ESK97883,Eukarya,ESK97883,Moniliophthora roreri,MRCUT1,,EC 3.1.1.74,
PET,"Brackmann, 2023",,,Eukarya,,Rhizomucor miehei,RmL,,EC 3.1.1.3,
PET,"Brinch-Pedersen, 2024",,KAH7127633,Eukarya,KAH7127633,Dactylonectria macrodidyma,DmC,,EC 3.1.1.74,
PET,"Brinch-Pedersen, 2024",,,Eukarya,,Thermocarpiscus australiensis,TaC,,EC 3.1.1.74,
PET,"Brinch-Pedersen, 2024",,,Eukarya,,Remersonia thermophila,RtC,,EC 3.1.1.74,
PET,"Huang, 2024",,,Eukarya,,Mammal glutathione S-transferase6,,,,
PET,"Huang, 2024",,,Eukarya,,Homo sapiens,Trypsin,,,
PET,"Huang, 2024",,,Eukarya,,Homo sapiens,CYP450,,,
PET,"Robles-Martín, 2023",,,Engineered enzymes without WT hydrolase activity,,Actinia fragacea,FraC5,,,
PBAT,"Wallace, 2016",,WP_003460012,Bacteria,W6R2Y2,Pseudomonas pseudoalcaligenes,PpEst (tesA),,EC 3.1.1.,
PBAT,"Soulenthone, 2021",,BCL64964.1,Bacteria,A0A7I8E2Z4,Rhodococcus fascians NKCM2511,PBATHRF,pbath,,
PBAT,"Perz, 2016",,ALS54749.1,Bacteria,ALS54749.1,Clostridium hathewayi DSM-13479,Chath_Est1,,,
PBAT,"Kleeberg, 2005; Müller,2005",,,Bacteria,,Thermobifida fusca,TfH,,,
PBAT,"Perz, 2016",5LUI,ADV92526.1,Bacteria,ADV92526.1,Thermobifida cellulosilytica,Thc_cut1,,EC 3.1.1.74,
PBAT,"Thumarat, 2015",,BAI99230.2,Bacteria,BAI99230,Thermobifida alba,Est1,,EC 3.1.1.1,
PBAT,"Thumarat, 2012",,BAK48590.1,Bacteria,F7IX06,Thermobifida alba,Est119,,EC 3.1.1.1,
PBAT,"Biundo, 2016",,EIW29778.1,Bacteria,EIW29778.1,Pelosinus fermentans DSM 17108,PFL1,,,
PBAT,"Perz, 2015",5AH1,AKZ20828.1,Bacteria,AKZ20828.1,Clostridium botulinum,Cbotu_EstA,,,
PBAT,"Perz, 2015",,AKZ20829.1,Bacteria,AKZ20829.1,Clostridium botulinum,Cbotu_EstB,,,
PBAT,"Muroi, 2017",,BAV72205.1,Bacteria,A0A1E1FNX8,Bacillus pumilus,PBATHBp,,,
PBAT,"Wu, 2023",,WP_015255658.1,Bacteria,L0EF70,Thermobacillus composti KWC4,Tcca,,,
PBAT,"Meyer-Cifuentes, 2020",7VPA,,Bacteria,OK558824,Marinobacter sp.,PLE629,,,
PBAT,"Meyer-Cifuentes, 2020",7VMD,,Bacteria,OK558825,Marinobacter sp.,PLE628,,,
PBAT,"Zhou, 2024",,,Bacteria,,Pseudomonas sp. JM16B3,jmPE13,,,
PBAT,"Zhou, 2024",,,Bacteria,,Pseudomonas sp. JM16B3,jmPE14,,,
PBAT,"Perz, 2016",4OYL and others,4OYY_A,Eukarya,A0A075B5G4,Humicola insolens,HiC,,EC 3.1.1.74,
PBAT,"Jiang, 2024",,XAQ58225,Eukarya,XAQ58225,Blastobotrys sp. G-9,BaCut1,,,
PHAs,"Brigham,2012",,,Pseudomonadota (synonym with Proteobacteria),,Cuprivadus necator ATC17699,DSM428 (Ralstonia eutropha,"Wautersia eutropha), phaZ 1-7",,internal
PHAs,"Handrick, 2000, Saegusa, 2001",,Q0KCI0,Pseudomonadota (synonym with Proteobacteria),Q0KCI0,-Phaz1,,,,internal
PHAs,"York, 2003",,Q0K7T2,Pseudomonadota (synonym with Proteobacteria),Q0K7T2,-PhaZ2,,,,internal
PHAs,"York, 2003, Brigham,2012",,Q0K4D5,Pseudomonadota (synonym with Proteobacteria),Q0K4D5,-PhaZ3,,,,internal
PHAs,"Brigham,2012",,Q7WXF6,Pseudomonadota (synonym with Proteobacteria),Q7WXF6,-PhaZ4,,,,internal
PHAs,"Brigham,2012",,Q0K2G9,Pseudomonadota (synonym with Proteobacteria),Q0K2G9,-PhaZ5,,,,internal
PHAs,"Abe, 2005; Sznajder, 2014",,Q0JZG9,Pseudomonadota (synonym with Proteobacteria),Q0JZG9,-PhaZ6 (PhaZd1),,,,external
PHAs,"Sznajder, 2014",,Q0JYJ1,Pseudomonadota (synonym with Proteobacteria),Q0JYJ1,-PhaZ7 (PhaZd2),,,,external
PHAs,"Kobayashi, 2003; Brigham,2012",,Q0K9H3,Pseudomonadota (synonym with Proteobacteria),Q0K9H3,-PhaY1 (PhaZ2),,,,acts on oligomers
PHAs,"Brigham,2012",,Q0KBZ6,Pseudomonadota (synonym with Proteobacteria),Q0KBZ6,-PhaY2,,,,acts on oligomers
PHAs,"Kasuya, 1999",,P94146,Pseudomonadota (synonym with Proteobacteria),P94146,Alcaligenes faecalis,PhaZAfa,,,
PHAs,"Jendrossek, 2013","4BTV, and variants",Q939Q9,Pseudomonadota (synonym with Proteobacteria),Q939Q9,Paucimonas lemoignei,PhaZ7,,,
PHAs,"Braaz, 2002",,Q51871,Pseudomonadota (synonym with Proteobacteria),Q51871,Paucimonas lemoignei,PhaZ5,,,
PHAs,"Ohura, 1999, Kasuya 1999",,O82950,Pseudomonadota (synonym with Proteobacteria),O82950,Pseudomonas stutzeri,PhaZst,,,
PHAs,"Kasuya, 1997; Kasuya 1999",,KFJ10595.1,Pseudomonadota (synonym with Proteobacteria),A0A080NJE8,Commamonas acidivorans,YM1609,PhaZCac,,
PHAs,"Eugenio, 2007",,,Pseudomonadota (synonym with Proteobacteria),AE015451,Pseudomonas putida KT2442,PhaZ,,,
PHAs,"Miyazaki, 2000; Brucato, 1991","2D81, D280",BAG32152.1,Eukaryota,B2NHN2,Talaromyces (Penicilium) funiculosus,,,,
PE,"Zampolli, 2023",,AII11185,Bacteria,AII11185,Rhodococcus opacus R7,LMC021,,,
PE,"Zampolli, 2023",,AII11221,Bacteria,AII11221,Rhodococcus opacus R7,LMC031,,,
PLA,"Sukkhum et al., 2009",,,Bacteria,none,Actinomadura keratinilytica T16-1,serine protease,,EC 3.4.-,
PLA,"Pranamuda, 2001",,,Bacteria,none,Amycolatopsis sp. strain 41,protease,,EC 3.4.-,
PLA,"Fan, 2008",,,Bacteria,none,Amycolatopsis (Nocardia) orientalis,PLAse I (PLase1),,EC 3.4.-,
PLA,"Fan, 2008",,ABY53108.1,Bacteria,"B0FLR6,",Amycolatopsis (Nocardia) orientalis,PLAse II (PLase2),,EC 3.4.-,
PLA,"Fan, 2008",,ABY67151.1,Bacteria,"B0FY08,",Amycolatopsis (Nocardia) orientalis,PLAse III (PLase3),,EC 3.4.-,
PLA,"Akutsu-Shigeno, 2003, Teeraphatpornchai, 2003",,BAC67195.1,Bacteria,Q83VDO,Paenibacillus amylolyticus TB13,PLaA,,EC 3.1.1.1,
PLA,"Nakamura, 2001",,,Bacteria,Q75UA4,Amycolatopsis (Nocardia) sp. strain K104-1,,,EC 3.4,
PLA,"Hoshino, 2002",,,Bacteria,,Alcaligenes sp.,lipase PL,,,
PLA,"Akutsu, 1998",,BAA76305.1,Bacteria,BAA76305.1,Comamonas acidovorans TB-35,mainly PUR active esterase,,EC 3.1.1.1,
PLA,"Hajhigasemi, 2016",,Q0VLQ1,Bacteria,Q0VLQ1,Alcanivorax borkumensis,ABO2449,esterase,EC 3.1.1.1,
PLA,"Hajhigasemi, 2016; Xie, 2024",4PSU,Q6N9M9 / CAE26953.1,Bacteria,Q6N9M9 / RPA1511,Rhodopseudomonas palustris,RPA1511,esterase,EC 3.1.1.1,
PLA,"Oda, 2000",,P29600.1,Bacteria,P29600,Lederbergia (Bacillus) lentus,protease,"Subtilisin, 'Savinase'",EC 3.4.-,
PLA,"Oda, 2000",,P29599.1,Bacteria,P29599,Lederbergia (Bacillus) lentus,protease,Subtilisin BL,EC 3.4.-,
PLA,"Oda, 2000",,,Bacteria,,Lederbergia (Bacillus) subtilis,protease,"Subtilisin,",EC 3.4.-,
PLA,"Oda, 2000",,P00780.2,Bacteria,P00780,Lederbergia (Bacillus) licheniformis,protease,"Subtilisin, subC",EC 3.4.-,
PLA,"Hu, 2010, Kitadokoro, 2019",,,Bacteria,D4Q9N1,Thermobifida (Thermomonospora) alba AHK119,Est1,,,
PLA,"Hu, 2010, Kitadokoro, 2019",3VIS,BAK48590.1,Bacteria,F7IX06,Thermobifida alba AHK119,Ta_cut /Est119,Est2,,
PLA,"Hanphakphoom, 2014",,,Bacteria,A0A291HVH1,Laceyella sacchari LP175,LP175,,,
PLA,"Herrereo Acero, 2011, Ribitsch 2017",,,Bacteria,E9LVH8,Thermobifida cellulosilytica,Thc_cut1,,,
PLA,"Herrereo Acero, 2011, Ribitsch 2017",5LUJ,,Bacteria,E9LVH9,Thermobifida cellulosilytica,Thc_cut2,,,
PLA,"Wang, 2024",,WAT79796,Bacteria,WAT79796,Bacillus safensis PLA1006,TGL,,,
PLA,"Guicherd, 2024",8C4X,BAU20375,Bacteria,A0A0U5AS91,Actinomadura keratinilytica T16-1,PAM,,,
PLA,"Tchigvintsev, 2015",,AGT96415.1,Metagenome,AGT96415,Marine metagenome,esterase,MGS0109 (KC986401),EC 3.1.1.1,
PLA,"Tchigvintsev, 2015",,AHG30919.1,Metagenome,AHG30919.1,Marine metagenome,esterase,MGS0010 (KF801579),EC 3.1.1.1,
PLA,"Tchigvintsev, 2015",,AGT96414.1,Metagenome,AGT96414.1,Marine metagenome,esterase,MGS0105 (KC986400),EC 3.1.1.1,
PLA,"Hajighasemi, 2018",,,Metagenome,KP347755.1,Metagenome clone MGS0084,,,EC 3.1.1.1,
PLA,"Hajighasemi, 2018",5D8M,,Metagenome,AKJ87264,Metagenome clone MGS0156,,,EC 3.1.1.1,
PLA,"Hajighasemi, 2018",,,Metagenome,AKJ87216,Metagenome clone GEN0105,,,EC 3.1.1.1,
PLA,"Mayumi, 2008",,BAF57210.1,Metagenome,AB302136 / A4UZ10,PlaM4,depolymerase,,EC 3.1.1.1,
PLA,"Mayumi, 2008",,BAF57211.1,Metagenome,A4UZ11,PlaM5,depolymerase,,EC 3.1.1.1,
PLA,"Mayumi, 2008",,BAF57212.1,Metagenome,AB302138 / A4UZ12,PlaM7,depolymerase,,EC 3.1.1.1,
PLA,"Mayumi, 2008",,BAF57213.1,Metagenome,A4UZ13,PlaM8,depolymerase,,EC 3.1.1.1,
PLA,"Mayumi, 2008",,BAF57214.1,Metagenome,AB302140,PlaM9,depolymerase,,EC 3.1.1.1,
PLA,,5KXVA,P06873.2,Eukaryota,P06873,Parengyodontium album (Tritirachium album),Proteinase K,,EC 3.4.21.64,
PLA,"Maeda, 2005, Oda, 2000",,P52956.1,Eukaryota,P52956,Aspergillus oryzae ATCC42149,cutinase CutL1,,EC:3.1.1.74,
PLA,"Masaki, 2005",,BAC67242.1,Eukaryota,AB102945.1 / Q874E,Cryptococcus sp. S-2,CLE,cutinase,EC:3.1.1.74,
PLA,"Ueda, 2021",,,Eukaryota,A0A0P0ZE81,Cryptococcus (Saitozyma flava) flavus GB-1,CLE,,,
PLA,"Ueda, 2021",,,Eukaryota,A0A060N5H2,Cryptococcus magnus,CmCut,,,
PLA,"Suzuki, 2014",,,Eukaryota,A0A060N399,Paraphoma sp. B47-9,,,,
PLA,"Shinozaki, 2012, Ueda,2021",,,Eukaryota,AB739034,Pseudozyma (Candida) antarctica,PaE,PaCLE1,,
PUR,"Schmidt, 2017",4EBO and others,G9BY57.1,Actinomycetota,G9BY57,LCC,leaf compost metagenome,highly similar to HRB29 locus GBD22443,,
PUR,"Schmidt, 2017",4CG1,CBY05530,Actinomycetota,E5BBQ3_THEFU,Thermobifida (Thermomonspora) fusca,TfCut_2 (Cut2-kw3),,,
PUR,"Wei, 2014, Schmidt, 2017",,ACY96861.1,Actinomycetota,D1A9G5,Thermobifida (Thermomonspora) curvata DSM43183,Tcur_1278,,,
PUR,"Wei, 2014, Schmidt, 2017",,ACY95991.1,Actinomycetota,ACY95991.1,Thermobifida (Thermomonspora) curvata DSM43183,Tcur0390,,,
PUR,"Li, 2014; Jia, 2020",,,Actinomycetota,KU353448,Lysinibacillus fusiformis,,,,
PUR,"Zhang, 2024",,XCO66867,Actinomycetota,XCO66867,Aeromicrobium sp.,PurH,,,
PUR,"Akutsu-Shigeno, 2006",,,Actinomycetota,,Rhodococcus equi TB-60,45 kDa urethanase,"purified, no gene identified",,
PUR,"Kang, 2021;",,,Actinomycetota,AGT90042.1,Rhodococcus erythropolis CCM2595,,,,
PUR,"Kang, 2021;",,,Actinomycetota,AY026386,Rhodococcus erythropolis MP50,,,,
PUR,"Kang, 2021;",,,Actinomycetota,ARF18137.1,Sporosarcina ureae P17a,,,,
PUR,"Nakajima-Kambe, 1995 ; Nakajima-Kambe, 1997 ; Akutsu, 1998 ; Nomura, 1998; Shigeno-Akutsu, 1999",,BAA76305.1,Pseudomonadota (synonym with Proteobacteria),BAA76305.1,Comamonas (Delftia) acidovorans TB-35,PudA,,,
PUR,"Howard, 1999; Ruiz, 1999; Howard, 2001; Howard, 2007; Stern, 2000",,AAD22743.1,Pseudomonadota (synonym with Proteobacteria),AAD22743.1,Pseudomonas chloroaphis,lipase,PueA,,
PUR,"Howard, 1999; Ruiz, 1999; Howard, 2001; Howard, 2007; Stern, 2000",,AAF01331.1,Pseudomonadota (synonym with Proteobacteria),AAF01331.1,Pseudomonas chloroaphis,lipase,PueB,,
PUR,"Howard, 1998; Vega, 1999",,AAF66684.1,Pseudomonadota (synonym with Proteobacteria),AAF66684.1,Pseudomonas fluorescens,esterase PulA,,,
PUR,"Hung, 2016",,AAY92471.1,Pseudomonadota (synonym with Proteobacteria),AAY92471.1,Pseudomonas protegens strain Pf-5,PueA,,,
PUR,"Hung, 2016",,AAY92474.2,Pseudomonadota (synonym with Proteobacteria),AAY92474.2,Pseudomonas protegens strain Pf-5,PueB,,,
PUR,"de Witt, 2023",,WP_090538641.1,Pseudomonadota (synonym with Proteobacteria),WP_090538641.1,Halopseudomonas formosensis,Hfor_PE-H,,,
PUR,"Kang, 2021; Trott, 2001",,AAK28498.1,Pseudomonadota (synonym with Proteobacteria),AAK28498.1,Agrobacterium tumefaciens d3,AmdA,,,
PUR,"Kang, 2021;",,,Pseudomonadota (synonym with Proteobacteria),CP003218.1,Klebsiella oxytoca 1686,,,,
PUR,"Kang, 2021;",,ACD16728.1,Pseudomonadota (synonym with Proteobacteria),ACD16728.1,Burkholderia phytofirmans DSM17436,,,,
PUR,"Kang, 2021;",,GU116480,Pseudomonadota (synonym with Proteobacteria),GU116480,Microbacterium hydrocarbonoxydans,,,,
PUR,"Branson, 2022",,WBR49956,Pseudomonadota (synonym with Proteobacteria),WBR49956,Metagenome-derived,UMG-SP-1*,,,
PUR,"Branson, 2022",,WBR49957,Pseudomonadota (synonym with Proteobacteria),WBR49957,Metagenome-derived,UMG-SP-2*,,,
PUR,"Branson, 2022",,WBR49958,Pseudomonadota (synonym with Proteobacteria),WBR49958,Metagenome-derived,UMG-SP-3*,,,
PUR,"Xin, 2024",,,Pseudomonadota (synonym with Proteobacteria),,Metagenome-derived,GatA250,,,
PUR,"Jia, 2020",,ANG60415,Bacillota,ANG60415.1,Lysinibacillus fusiformis SCO2,GatA,,,
PUR,"Ufarté, 2017",,SIP63154.1,Metagenome-derived without a phylogenetic affiliation,A0A2I2K6T5,Metagenome-derived,CE_Ubrb,,,
PUR,"Gautam, 2007",,P20261,Eukaryotic hosts,P20261,Diutina (Candida) rugosa,lipase,"Lip1-Lip5 isoenzymes, purified",,
PUR,"Magnin, 2021",1TCA and others,LIPB_PSEA2,Eukaryotic hosts,LIPB_PSEA2,Pseudozyma (Candida) antarctica,lipase B,CalB,,
PUR,"Russel, 2011",,,Eukaryotic hosts,,Pestalotiopsis microspora,lipase,"21 kDa hydrolase, purified, no gene identified",,
PUR,"Masaki, 2020",,XP_036664376,Eukaryotic hosts,BBP47208 / XP_036664376,Candida parapsilosis NBRC 708 (CPUTNase),,,,
PUR,"Masaki, 2020",,Q12559,Eukaryotic hosts,Q12559,Aspergillus oryzae,,,,
PUR,"Liu, 2024",,,Eukaryotic hosts,,Cladosporium sp. P7,CpCut1,,,
PUR,"Jiang, 2024",,XAQ58225,Eukaryotic hosts,XAQ58225,Blastobotrys sp. G-9,BaCut1,,,
NR,"Yikmis, 2012; Rose, 2005; Yikmis, 2008",501l,Q3L8N0.2,Bacteria,Q3L8N0,Streptomyces sp. K30,Lcp,LCP_STRK3,,
NR,"Tsuchii,1990",4B2N,Q7X0P3,Bacteria,Q7X0P3,Steroidobacter cummioxidans (Xanthomonas ) 35Y,RoxA,,,
NR,"Tsuchii,1990",,AQV11968.1,Bacteria,A0A1S6Q8F9,Steroidobacter cummioxidans (Xanthomonas) 35Y,RoxB,,,
NR,"Kasai, 2017",,LC073705.1,Bacteria,LC073705,R. gummiphilus NS21,LatA,,,
NR,"Basik, 2022",,MT664881,Bacteria,MT664881,Streptomyces sp. AC04842,Lcp1,,,
NR,"Basik, 2022",,MT664882,Bacteria,MT664882,Streptomyces sp. AC04842,Lcp2,,,
NR,"Basik, 2021",,,Bacteria,,Microtetraspora sp. AC03309,Lcp1,,,
NR,"Basik, 2021",,,Bacteria,,Microtetraspora sp. AC03309,Lcp2,,,
NR,"Basik, 2021",,,Bacteria,,Dactylosporangium sp. AC04546,,,,
NR,"Hiessl, 2012",,H6N162,Bacteria,H6N162,Gordonia polyisoprenivorans,Lcp1VH2,,,
NR,"Hiessl, 2012",,H6N4Z1,Bacteria,H6N4Z1,Gordonia polyisoprenivorans,Lcp2VH2,,,
PA,"Kanagawa, 1989",,P13397.2,Bacteria,NYLA_PSES8,Pseudomonas sp. (strain NK87),NylA,,,
PA,"Kanagawa, 1989",,,Bacteria,,Pseudomonas sp. (strain NK87),NylB,,,
PA,"Kinoshita, 1975; Kinoshita, 1977; Yasuhira, 2010","3A2P, 3A2Q",P13398.2,Bacteria,NYLA_FLASK,Paenarthrobacter ureafaciens (previously Arthrobacter guttatus/ Flavobacterium sp.) strain K172,NylA on plasmid pOAD1,,,
PA,"Kinoshita, 1975;Negoro, 1992; Bell, 2024",2ZLY and others,P07061.1,Bacteria,NYLB_FLASK,Paenarthrobacter ureafaciens (previously Arthrobacter guttatus/ Flavobacterium sp.) strain K172,NylB on plasmid pOAD1,,,
PA,"Kinoshita, 1975;Negoro, 1992; Kakudo, 1993; Bell, 2024",5XYO and others,Q79F77.1,Bacteria,NYLC_FLASK,Paenarthrobacter ureafaciens (previously Arthrobacter guttatus/ Flavobacterium sp.) strain K172,NylC on plasmid pOAD1,,,
PA,"Yasuhira, 2007; Bell, 2024",3AXG,Q1EPR5.2,Bacteria,Q1EPR5,Agromyces sp. KY5R,NylC,,,
PA,"Yasuhira, 2007; Bell, 2024",,Q1EPR4.1,Bacteria,Q1EPR4,Kocuria sp. KY2,NylC,,,
PA,"Yoshioka, 1991",,,Bacteria,,Nocardia globerula IFO 13510,aryl acylamidase,,,
PA,"Heumann, 2008; Bell, 2024",,WP_011209364.1,Bacteria,WP_011209364.1,Nocardia farcinica IFM10512,aryl acylamidase,,,
PA,"Guo, 2013",,,Bacteria,,Nocardia farcinica CGMCCC4.1166,aryl acylamidase1,,,
PA,"Sasanami, 2022",,,Bacteria,,Pseudoxanthomonas sp. TN-N1,hydrolase,,,
PA,"Saito, 2023",,BEG79545,Bacteria,BEG79545,Pseudoalteromonas sp. Y-5,PA4-degrading enzyme2,,,
PA,"Bell, 2024",,A0A840P940,Bacteria,A0A840P940,Thermocatellispora tengchongensis,Tt-NylC,,,
PA,"Bell, 2024",,KQR39103,Bacteria,KQR39103,Microbacterium sp.,M-NylC,,,
PA,"Bell, 2024",,A0A7W8QII1,Bacteria,A0A7W8QII1,Nocardiopsis composta,Nc-NylC,,,
PA,"Bell, 2024; Branson, 2022",,WBR49956,Bacteria,WBR49956,Metagenome-derived,UMG-SP-1,,,
PA,"Bell, 2024; Branson, 2022",,WBR49957,Bacteria,WBR49957,Metagenome-derived,UMG-SP-2,,,
PA,"Bell, 2024; Branson, 2022",,WBR49958,Bacteria,WBR49958,Metagenome-derived,UMG-SP-3,,,
PA,"Bell, 2024; Bittner, 2021",,,Bacteria,,Parvibaculum sp.,GatA,,,
PA,"Bell, 2024; Asano, 2008",,BAI44731,Bacteria,BAI44731,Rhodococcus sp. Oct1,OoH,,,
PA,"Bell, 2024; Kanbe, 2007",,,Bacteria,,Rhodococcus equi TB-60,ReU,,,
PA,"Bell, 2024",,WP_185053500,Bacteria,WP_185053500,Thermocatellispora tengchongensis,TtA,,,
PA,"de Witt, 2024",,XHH12374,Bacteria,XHH12374,Leucobacter chromiiresistens JG 31,NylC13,,,
PA,"de Witt, 2024",,XHH12375,Bacteria,XHH12375,Microbacterium oxydans,NylC23,,,
PA,"de Witt, 2024",,XHH12378,Bacteria,XHH12378,Gordonia sp.,NylC53,,,
PA,"Hoffman, 2025",,WP_068749367,Bacteria,WP_068749367,Thermovenabulum gondwanense,TvgC,,,
PA,"Matsubara, 1996; Deguchi, 1998",,,Eukarya,,White rot fungus strain IZU-154,MnP,,,
PA,"Almansa, 2008",,,Eukarya,,Beauveria brongniartii,Protease,,,
